,DateTime,Angry,Disgust,Happy,Sad,Surprise,Neutral,Maximum Predicted Emotion
0,2019-11-30 14:42:39.329984,0.32635030150413513,0.00946510024368763,0.18403087556362152,0.12005745619535445,0.012381752021610735,,angry
1,2019-11-30 14:42:39.374894,0.32635030150413513,0.00946510024368763,0.18403087556362152,0.12005745619535445,0.012381752021610735,,angry
2,2019-11-30 14:42:39.414818,0.33692681789398193,0.009780536405742168,0.17326882481575012,0.1258918046951294,0.011889493092894554,,angry
3,2019-11-30 14:42:39.457676,0.19165927171707156,0.00528194196522236,0.06923165172338486,0.3482685983181,0.009000602178275585,,sad
4,2019-11-30 14:42:39.498762,0.19165927171707156,0.00528194196522236,0.06923165172338486,0.3482685983181,0.009000602178275585,,sad
5,2019-11-30 14:42:41.188814,0.08135827630758287,0.0031014448031783104,0.4503717422485352,0.04250204935669899,0.026678813621401787,,happy
6,2019-11-30 14:42:41.228733,0.08135827630758287,0.0031014448031783104,0.4503717422485352,0.04250204935669899,0.026678813621401787,,happy
7,2019-11-30 14:42:41.270621,0.08231080323457718,0.002553823869675398,0.6823940873146057,0.03971400111913681,0.02354568243026733,,happy
8,2019-11-30 14:42:41.314504,0.07357129454612732,0.002623536624014377,0.6313965320587158,0.0323433019220829,0.02616916596889496,,happy
9,2019-11-30 14:42:41.357749,0.07357129454612732,0.002623536624014377,0.6313965320587158,0.0323433019220829,0.02616916596889496,,happy
10,2019-11-30 14:42:41.398639,0.08929523080587387,0.0034977253526449203,0.6085812449455261,0.04210145398974418,0.02467961236834526,,happy
11,2019-11-30 14:42:41.458479,0.07390749454498291,0.002457194263115525,0.6395674347877502,0.030546292662620544,0.022603848949074745,,happy
12,2019-11-30 14:42:41.499370,0.07390749454498291,0.002457194263115525,0.6395674347877502,0.030546292662620544,0.022603848949074745,,happy
13,2019-11-30 14:42:41.540261,0.08143300563097,0.0039314297027885905,0.6487249732017517,0.0368611104786396,0.02301867119967937,,happy
14,2019-11-30 14:42:41.586162,0.10119611769914627,0.003996997140347958,0.5659677982330322,0.03804081305861473,0.024631667882204056,,happy
15,2019-11-30 14:42:41.627056,0.10119611769914627,0.003996997140347958,0.5659677982330322,0.03804081305861473,0.024631667882204056,,happy
16,2019-11-30 14:42:41.670972,0.0565539076924324,0.0015826080925762653,0.802276611328125,0.019325418397784237,0.018442478030920032,,happy
17,2019-11-30 14:42:41.713796,0.05900810286402702,0.0017357099568471313,0.7857865691184998,0.019911821931600567,0.019699407741427418,,happy
18,2019-11-30 14:42:41.778624,0.1061972677707672,0.004519965499639511,0.5700146555900574,0.041353341192007065,0.023616721853613853,,happy
19,2019-11-30 14:42:41.819563,0.1061972677707672,0.004519965499639511,0.5700146555900574,0.041353341192007065,0.023616721853613853,,happy
20,2019-11-30 14:42:41.863456,0.10323252528905867,0.0042015304788947105,0.74415522813797,0.04204491898417473,0.014211128465831281,,happy
21,2019-11-30 14:42:41.923269,0.10132870078086853,0.00414410000666976,0.613456130027771,0.03799206018447876,0.024229345843195915,,happy
22,2019-11-30 14:42:41.964160,0.10132870078086853,0.00414410000666976,0.613456130027771,0.03799206018447876,0.024229345843195915,,happy
23,2019-11-30 14:42:42.003057,0.08249200135469438,0.0031231909524649377,0.7738624215126038,0.028902154415845868,0.013445883989334106,,happy
24,2019-11-30 14:42:42.049931,0.11248907446861267,0.00580739276483655,0.6869451999664307,0.04307219758629799,0.016778402030467987,,happy
25,2019-11-30 14:42:42.090822,0.11248907446861267,0.00580739276483655,0.6869451999664307,0.04307219758629799,0.016778402030467987,,happy
26,2019-11-30 14:42:42.130139,0.08483541756868362,0.00333230197429657,0.6735811829566956,0.032354164868593216,0.022538751363754272,,happy
27,2019-11-30 14:42:42.181133,0.08585313707590103,0.0033438056707382198,0.7508124709129333,0.030237160623073574,0.014608222059905527,,happy
28,2019-11-30 14:42:42.222024,0.08585313707590103,0.0033438056707382198,0.7508124709129333,0.030237160623073574,0.014608222059905527,,happy
29,2019-11-30 14:42:42.260919,0.07502767443656921,0.002601925283670425,0.7734560966491699,0.02646397240459919,0.014864658936858175,,happy
30,2019-11-30 14:42:42.323038,0.11848179250955583,0.006915278732776642,0.6395560503005981,0.04567055776715279,0.02119406871497631,,happy
31,2019-11-30 14:42:42.366967,0.11848179250955583,0.006915278732776642,0.6395560503005981,0.04567055776715279,0.02119406871497631,,happy
32,2019-11-30 14:42:42.408853,0.13684959709644318,0.009529232047498226,0.6173853278160095,0.0540432333946228,0.02059756405651569,,happy
33,2019-11-30 14:42:42.450741,0.10186774283647536,0.0047665243037045,0.6942938566207886,0.036684375256299966,0.01962551474571228,,happy
34,2019-11-30 14:42:42.492629,0.10186774283647536,0.0047665243037045,0.6942938566207886,0.036684375256299966,0.01962551474571228,,happy
35,2019-11-30 14:42:42.536513,0.1047295704483986,0.0050805495120584965,0.7004655599594116,0.03851165622472763,0.0188679788261652,,happy
36,2019-11-30 14:42:42.578399,0.09994997084140778,0.0045256372541189185,0.7047994136810303,0.035883203148841865,0.01904766634106636,,happy
37,2019-11-30 14:42:42.618293,0.09994997084140778,0.0045256372541189185,0.7047994136810303,0.035883203148841865,0.01904766634106636,,happy
38,2019-11-30 14:42:42.658221,0.10579818487167357,0.005385716911405325,0.70354825258255,0.039237800985574715,0.017324350774288174,,happy
39,2019-11-30 14:42:42.722016,0.10234665125608444,0.005007050931453705,0.6923424005508423,0.03659353032708168,0.0187876895070076,,happy
40,2019-11-30 14:42:42.761909,0.10234665125608444,0.005007050931453705,0.6923424005508423,0.03659353032708168,0.0187876895070076,,happy
41,2019-11-30 14:42:42.801803,0.1062598004937172,0.00531183322891593,0.6841421723365784,0.0395263321697712,0.018793193623423576,,happy
42,2019-11-30 14:42:42.854662,0.11474497616291045,0.006195980124175549,0.6601244211196899,0.04096482321619988,0.02204342372715473,,happy
43,2019-11-30 14:42:42.894641,0.11474497616291045,0.006195980124175549,0.6601244211196899,0.04096482321619988,0.02204342372715473,,happy
44,2019-11-30 14:42:42.936674,0.1096346452832222,0.0055636041797697535,0.6900296807289124,0.03885538876056671,0.01806602254509926,,happy
45,2019-11-30 14:42:42.980557,0.1149398609995842,0.005814819596707821,0.6659588217735289,0.040121473371982574,0.02149262651801109,,happy
46,2019-11-30 14:42:43.023442,0.1149398609995842,0.005814819596707821,0.6659588217735289,0.040121473371982574,0.02149262651801109,,happy
47,2019-11-30 14:42:43.062371,0.10976415872573853,0.005569079425185919,0.7002248167991638,0.039822187274694436,0.0177761223167181,,happy
48,2019-11-30 14:42:43.122179,0.07484176754951477,0.0028723939321935177,0.7227884531021118,0.032172463834285736,0.020475894212722782,,happy
49,2019-11-30 14:42:43.164067,0.07484176754951477,0.0028723939321935177,0.7227884531021118,0.032172463834285736,0.020475894212722782,,happy
50,2019-11-30 14:42:43.207147,0.05936643108725548,0.002065882319584489,0.6920357942581177,0.02548740804195404,0.024361703544855118,,happy
51,2019-11-30 14:42:43.251057,0.08226510137319565,0.003277130424976349,0.7268829345703125,0.028364975005388263,0.01987287774682045,,happy
52,2019-11-30 14:42:43.291945,0.08226510137319565,0.003277130424976349,0.7268829345703125,0.028364975005388263,0.01987287774682045,,happy
53,2019-11-30 14:42:43.334830,0.10929384082555772,0.00575728714466095,0.7004029750823975,0.03991679474711418,0.01796415634453297,,happy
54,2019-11-30 14:42:43.378740,0.06634235382080078,0.002398055279627443,0.6838972568511963,0.028337195515632633,0.024220574647188187,,happy
55,2019-11-30 14:42:43.416611,0.06634235382080078,0.002398055279627443,0.6838972568511963,0.028337195515632633,0.024220574647188187,,happy
56,2019-11-30 14:42:43.457501,0.11540235579013824,0.006513370666652918,0.6817678809165955,0.0411185696721077,0.01960406079888344,,happy
57,2019-11-30 14:42:43.509541,0.08275794982910156,0.003215031698346138,0.7338501214981079,0.028101410716772083,0.020046252757310867,,happy
58,2019-11-30 14:42:43.549435,0.08275794982910156,0.003215031698346138,0.7338501214981079,0.028101410716772083,0.020046252757310867,,happy
59,2019-11-30 14:42:43.589363,0.11011207848787308,0.005594960879534483,0.6737014651298523,0.035425923764705665,0.02283565886318684,,happy
60,2019-11-30 14:42:43.652194,0.11340781301259995,0.0061295973137021065,0.6694601774215698,0.03979629650712013,0.020673023536801338,,happy
61,2019-11-30 14:42:43.697086,0.11340781301259995,0.0061295973137021065,0.6694601774215698,0.03979629650712013,0.020673023536801338,,happy
62,2019-11-30 14:42:43.736010,0.0726490244269371,0.002632735064253211,0.7730692625045776,0.027838388457894325,0.01907112449407577,,happy
63,2019-11-30 14:42:46.435996,0.115800142288208,0.00156927271746099,0.35433870553970337,0.14838576316833496,0.026418259367346764,,happy
64,2019-11-30 14:42:46.480876,0.115800142288208,0.00156927271746099,0.35433870553970337,0.14838576316833496,0.026418259367346764,,happy
65,2019-11-30 14:42:46.525089,0.013654637150466442,4.578172138280934e-06,0.8065264821052551,0.023032620549201962,0.007609137799590827,,happy
66,2019-11-30 14:42:46.579900,0.053039971739053726,0.0006845902535133064,0.6731535792350769,0.06682693213224411,0.03715867549180985,,happy
67,2019-11-30 14:42:46.621787,0.053039971739053726,0.0006845902535133064,0.6731535792350769,0.06682693213224411,0.03715867549180985,,happy
68,2019-11-30 14:42:46.708872,0.3632001578807831,0.1632682830095291,0.12902480363845825,0.1506788283586502,0.02186010405421257,,angry
69,2019-11-30 14:42:46.753752,0.3632001578807831,0.1632682830095291,0.12902480363845825,0.1506788283586502,0.02186010405421257,,angry
70,2019-11-30 14:42:46.797634,0.34263235330581665,0.21398884057998654,0.1059219092130661,0.17474550008773804,0.01576170325279236,,angry
71,2019-11-30 14:42:46.837529,0.3933591842651367,0.16807921230793,0.11475250124931335,0.14878520369529724,0.019042961299419403,,angry
72,2019-11-30 14:42:46.901547,0.3818112909793854,0.151897594332695,0.15031394362449646,0.13081669807434082,0.025739870965480804,,angry
73,2019-11-30 14:42:46.944433,0.3818112909793854,0.151897594332695,0.15031394362449646,0.13081669807434082,0.025739870965480804,,angry
74,2019-11-30 14:42:46.985323,0.346909761428833,0.11936851590871812,0.09868518263101578,0.19555167853832245,0.01672457903623581,,angry
75,2019-11-30 14:42:47.044166,0.5113351941108704,0.058412645012140274,0.1432744413614273,0.13659566640853882,0.00732111232355237,,angry
76,2019-11-30 14:42:47.090044,0.5113351941108704,0.058412645012140274,0.1432744413614273,0.13659566640853882,0.00732111232355237,,angry
77,2019-11-30 14:42:47.129937,0.3051408529281616,0.20734776556491846,0.09273512661457063,0.1827943325042725,0.022405283525586128,,angry
78,2019-11-30 14:42:47.173820,0.3913153409957886,0.18004001677036285,0.13347268104553225,0.17824652791023254,0.010263131931424141,,angry
79,2019-11-30 14:42:47.215707,0.3913153409957886,0.18004001677036285,0.13347268104553225,0.17824652791023254,0.010263131931424141,,angry
80,2019-11-30 14:42:47.256598,0.4759945869445801,0.09594423323869704,0.17644818127155304,0.14401498436927795,0.006535214371979237,,angry
81,2019-11-30 14:42:47.301477,0.3235309422016144,0.17608998715877533,0.10915952175855637,0.2096317708492279,0.01671435683965683,,angry
82,2019-11-30 14:42:47.342368,0.3235309422016144,0.17608998715877533,0.10915952175855637,0.2096317708492279,0.01671435683965683,,angry
83,2019-11-30 14:42:47.384256,0.4145712554454804,0.1654028743505478,0.13088420033454895,0.18360386788845065,0.0065682055428624144,,angry
84,2019-11-30 14:42:47.445093,0.31408026814460754,0.18286363780498505,0.10244644433259964,0.20432879030704496,0.019774921238422397,,angry
85,2019-11-30 14:42:47.484987,0.31408026814460754,0.18286363780498505,0.10244644433259964,0.20432879030704496,0.019774921238422397,,angry
86,2019-11-30 14:42:47.524881,0.28198835253715515,0.17335526645183566,0.09257452189922333,0.24379974603652954,0.015446390025317669,,angry
87,2019-11-30 14:42:47.573764,0.32483434677124023,0.1775239109992981,0.1211392506957054,0.1902869939804077,0.01971277967095375,,angry
88,2019-11-30 14:42:47.613788,0.32483434677124023,0.1775239109992981,0.1211392506957054,0.1902869939804077,0.01971277967095375,,angry
89,2019-11-30 14:42:47.653681,0.329096794128418,0.14678522944450378,0.12474367767572404,0.17707811295986176,0.02662574127316475,,angry
90,2019-11-30 14:42:47.699559,0.3492812216281891,0.13582848012447354,0.16802451014518738,0.17100682854652405,0.014799902215600012,,angry
91,2019-11-30 14:42:47.743441,0.3492812216281891,0.13582848012447354,0.16802451014518738,0.17100682854652405,0.014799902215600012,,angry
92,2019-11-30 14:42:47.785529,0.41324540972709656,0.1163199320435524,0.20021167397499084,0.1428934633731842,0.0114109693095088,,angry
93,2019-11-30 14:42:47.843347,0.2818310558795929,0.08910389989614488,0.1383287012577057,0.21911649405956268,0.02092658169567585,,angry
94,2019-11-30 14:42:47.886376,0.2818310558795929,0.08910389989614488,0.1383287012577057,0.21911649405956268,0.02092658169567585,,angry
95,2019-11-30 14:42:47.929262,0.4207446277141571,0.08699806779623033,0.17882713675498962,0.18456660211086276,0.007733205333352089,,angry
96,2019-11-30 14:42:47.972146,0.3456150591373444,0.0904666632413864,0.1352318525314331,0.1662982851266861,0.022832831367850304,,angry
97,2019-11-30 14:42:48.014035,0.3456150591373444,0.0904666632413864,0.1352318525314331,0.1662982851266861,0.022832831367850304,,angry
98,2019-11-30 14:42:48.056919,0.4171372652053833,0.09208660572767258,0.15818770229816434,0.1987003982067108,0.007579244673252107,,angry
99,2019-11-30 14:42:48.098808,0.3995622098445892,0.0802721157670021,0.1681741029024124,0.15659575164318085,0.011189142242074013,,angry
100,2019-11-30 14:42:48.145683,0.3995622098445892,0.0802721157670021,0.1681741029024124,0.15659575164318085,0.011189142242074013,,angry
101,2019-11-30 14:42:57.409944,0.19280189275741574,0.018789811059832573,0.3671339750289917,0.08349083364009857,0.020111631602048874,,happy
102,2019-11-30 14:42:57.448840,0.19280189275741574,0.018789811059832573,0.3671339750289917,0.08349083364009857,0.020111631602048874,,happy
103,2019-11-30 14:42:57.492723,0.29464131593704224,0.04130149260163307,0.3082503080368042,0.1356993168592453,0.015274850651621819,,happy
104,2019-11-30 14:42:57.538830,0.31787535548210144,0.03872077912092209,0.3379404842853546,0.11149207502603532,0.01576610468327999,,happy
105,2019-11-30 14:42:57.580672,0.31787535548210144,0.03872077912092209,0.3379404842853546,0.11149207502603532,0.01576610468327999,,happy
106,2019-11-30 14:42:57.619568,0.3219483196735382,0.03623174130916596,0.3345412313938141,0.12307479977607727,0.014611699618399143,,happy
107,2019-11-30 14:42:57.669461,0.2438353896141052,0.025998083874583244,0.4336575865745544,0.10577332973480223,0.018195329234004017,,happy
108,2019-11-30 14:42:57.708478,0.2438353896141052,0.025998083874583244,0.4336575865745544,0.10577332973480223,0.018195329234004017,,happy
109,2019-11-30 14:42:57.747403,0.3332477509975433,0.04647870734333992,0.2491267919540405,0.1366097778081894,0.01639016717672348,,angry
110,2019-11-30 14:42:57.811202,0.41976845264434814,0.039939720183610916,0.21527723968029025,0.17234311997890472,0.007240003906190395,,angry
111,2019-11-30 14:42:57.853119,0.41976845264434814,0.039939720183610916,0.21527723968029025,0.17234311997890472,0.007240003906190395,,angry
112,2019-11-30 14:42:57.894008,0.3943230509757996,0.04334177076816559,0.2092136442661285,0.16659317910671234,0.008907224982976912,,angry
113,2019-11-30 14:42:57.938861,0.3828357458114624,0.04368973523378372,0.2248603403568268,0.16021259129047394,0.009609402157366276,,angry
114,2019-11-30 14:42:57.980749,0.3828357458114624,0.04368973523378372,0.2248603403568268,0.16021259129047394,0.009609402157366276,,angry
115,2019-11-30 14:42:58.022919,0.35344380140304565,0.03943349793553352,0.3166763782501221,0.13667580485343933,0.010747013613581656,,angry
116,2019-11-30 14:42:58.067839,0.3056572675704956,0.03892713040113449,0.4107973575592041,0.09845022857189177,0.012041852809488772,,happy
117,2019-11-30 14:42:58.108893,0.3056572675704956,0.03892713040113449,0.4107973575592041,0.09845022857189177,0.012041852809488772,,happy
118,2019-11-30 14:42:58.150755,0.3382657766342163,0.043201364576816566,0.3363140821456909,0.13685977458953855,0.010897009633481504,,angry
119,2019-11-30 14:42:58.211744,0.27618643641471863,0.03997407853603363,0.3942528963088989,0.11239776760339737,0.015821496024727818,,happy
120,2019-11-30 14:42:58.253660,0.27618643641471863,0.03997407853603363,0.3942528963088989,0.11239776760339737,0.015821496024727818,,happy
121,2019-11-30 14:42:58.292555,0.24699465930461886,0.028445627540349964,0.459109753370285,0.09445589780807497,0.014423569664359091,,happy
122,2019-11-30 14:42:58.340400,0.2484440952539444,0.02741923183202744,0.4218389391899109,0.08386339247226715,0.019329532980918884,,happy
123,2019-11-30 14:42:58.379296,0.2484440952539444,0.02741923183202744,0.4218389391899109,0.08386339247226715,0.019329532980918884,,happy
124,2019-11-30 14:42:58.420256,0.30065545439720154,0.03561326116323471,0.40222594141960144,0.111757293343544,0.01089819986373186,,happy
125,2019-11-30 14:42:58.466143,0.17327696084976196,0.011457823216915129,0.5479549765586853,0.06441859900951385,0.014247061684727669,,happy
126,2019-11-30 14:42:58.509000,0.17327696084976196,0.011457823216915129,0.5479549765586853,0.06441859900951385,0.014247061684727669,,happy
127,2019-11-30 14:42:58.550932,0.1661922186613083,0.009928824380040169,0.5895497798919678,0.06211282312870025,0.014118851162493229,,happy
128,2019-11-30 14:42:58.610729,0.1454503834247589,0.00696834409609437,0.6398120522499084,0.046810586005449295,0.012625034898519516,,happy
129,2019-11-30 14:42:58.653613,0.1454503834247589,0.00696834409609437,0.6398120522499084,0.046810586005449295,0.012625034898519516,,happy
130,2019-11-30 14:42:58.693507,0.2835856676101685,0.03451857715845108,0.4086686074733734,0.11468534171581267,0.011725340969860555,,happy
131,2019-11-30 14:42:58.740382,0.2859968543052673,0.03270268440246582,0.4344137310981751,0.08766961097717285,0.012162360362708569,,happy
132,2019-11-30 14:42:58.780302,0.2859968543052673,0.03270268440246582,0.4344137310981751,0.08766961097717285,0.012162360362708569,,happy
133,2019-11-30 14:42:58.824157,0.2744801640510559,0.041047319769859314,0.4275801777839661,0.0973113626241684,0.015299500897526741,,happy
134,2019-11-30 14:42:58.868040,0.21033214032649994,0.02262513339519501,0.5412559509277344,0.07500927895307541,0.013115075416862965,,happy
135,2019-11-30 14:42:58.908931,0.21033214032649994,0.02262513339519501,0.5412559509277344,0.07500927895307541,0.013115075416862965,,happy
136,2019-11-30 14:42:58.948825,0.16769196093082428,0.010985239408910276,0.5783222317695618,0.05043679475784302,0.014364859089255331,,happy
137,2019-11-30 14:42:59.011961,0.19654333591461184,0.01841435208916664,0.560627281665802,0.05498537793755531,0.014115010388195516,,happy
138,2019-11-30 14:42:59.052852,0.19654333591461184,0.01841435208916664,0.560627281665802,0.05498537793755531,0.014115010388195516,,happy
139,2019-11-30 14:42:59.092745,0.32508641481399536,0.04116322472691536,0.3942665457725525,0.082950659096241,0.012127640657126905,,happy
140,2019-11-30 14:42:59.140177,0.2085879892110825,0.02728438936173916,0.517943799495697,0.06344839185476303,0.015723587945103645,,happy
141,2019-11-30 14:42:59.180041,0.2085879892110825,0.02728438936173916,0.517943799495697,0.06344839185476303,0.015723587945103645,,happy
142,2019-11-30 14:42:59.218938,0.2015371173620224,0.025695204734802246,0.498731791973114,0.07813995331525803,0.0170191079378128,,happy
143,2019-11-30 14:42:59.476249,0.3142925500869751,0.061967294663190835,0.1725398600101471,0.17236652970314026,0.012764209881424904,,angry
144,2019-11-30 14:42:59.519165,0.3142925500869751,0.061967294663190835,0.1725398600101471,0.17236652970314026,0.012764209881424904,,angry
145,2019-11-30 14:42:59.603939,0.3272097110748291,0.06813510507345201,0.17350848019123075,0.13488689064979553,0.015006579458713531,,angry
146,2019-11-30 14:42:59.646440,0.3272097110748291,0.06813510507345201,0.17350848019123075,0.13488689064979553,0.015006579458713531,,angry
147,2019-11-30 14:42:59.798003,0.3062928020954132,0.06093451380729675,0.1779128611087799,0.13204121589660645,0.016316156834363937,,angry
148,2019-11-30 14:42:59.876054,0.3327888250350952,0.06474696099758148,0.1751553863286972,0.1471051126718521,0.013409157283604143,,angry
149,2019-11-30 14:42:59.915947,0.3327888250350952,0.06474696099758148,0.1751553863286972,0.1471051126718521,0.013409157283604143,,angry
150,2019-11-30 14:43:00.004740,0.3342120051383972,0.06203243508934975,0.19023527204990387,0.13107167184352875,0.013478714041411877,,angry
151,2019-11-30 14:43:00.045601,0.3342120051383972,0.06203243508934975,0.19023527204990387,0.13107167184352875,0.013478714041411877,,angry
152,2019-11-30 14:43:00.087490,0.3527435660362244,0.06349891424179077,0.16625738143920898,0.17396989464759827,0.010017210617661476,,angry
153,2019-11-30 14:43:00.133366,0.4097896218299866,0.06855101138353348,0.17990992963314054,0.13842976093292236,0.008417000994086266,,angry
154,2019-11-30 14:43:00.173260,0.4097896218299866,0.06855101138353348,0.17990992963314054,0.13842976093292236,0.008417000994086266,,angry
155,2019-11-30 14:43:00.260028,0.4101075828075409,0.07052095234394072,0.21797940135002136,0.12501075863838196,0.008651870302855968,,angry
156,2019-11-30 14:43:00.301916,0.4101075828075409,0.07052095234394072,0.21797940135002136,0.12501075863838196,0.008651870302855968,,angry
157,2019-11-30 14:43:00.342953,0.3339905142784119,0.05899496749043465,0.1826561838388443,0.1517108678817749,0.011954416520893574,,angry
158,2019-11-30 14:43:00.533967,0.3279314637184143,0.06573938578367232,0.13265444338321686,0.13767588138580322,0.014820272102952003,,angry
159,2019-11-30 14:43:00.574869,0.3279314637184143,0.06573938578367232,0.13265444338321686,0.13767588138580322,0.014820272102952003,,angry
160,2019-11-30 14:43:00.743523,0.3318960964679718,0.0834149643778801,0.16176676750183105,0.16694289445877075,0.014014964923262596,,angry
161,2019-11-30 14:43:00.784557,0.3318960964679718,0.0834149643778801,0.16176676750183105,0.16694289445877075,0.014014964923262596,,angry
162,2019-11-30 14:43:00.826445,0.24867290258407596,0.08592343330383301,0.07959872484207152,0.2727554738521576,0.015382601879537106,,sad
163,2019-11-30 14:43:00.869357,0.33562856912612915,0.07576975971460342,0.15431509912014008,0.1709035038948059,0.012769541703164576,,angry
164,2019-11-30 14:43:00.930622,0.3082292377948761,0.09023965150117874,0.12118768692016603,0.2242218106985092,0.013139883056282995,,angry
165,2019-11-30 14:43:00.971513,0.3082292377948761,0.09023965150117874,0.12118768692016603,0.2242218106985092,0.013139883056282995,,angry
166,2019-11-30 14:43:01.058281,0.3996741473674774,0.07911965996026993,0.14363610744476318,0.18647611141204834,0.008114335127174854,,angry
167,2019-11-30 14:43:01.102357,0.3996741473674774,0.07911965996026993,0.14363610744476318,0.18647611141204834,0.008114335127174854,,angry
168,2019-11-30 14:43:01.203113,0.38525715470314026,0.12400353699922563,0.12874747812747955,0.2083452045917511,0.00914653670042753,,angry
169,2019-11-30 14:43:01.245114,0.38525715470314026,0.12400353699922563,0.12874747812747955,0.2083452045917511,0.00914653670042753,,angry
170,2019-11-30 14:43:01.285975,0.3491128087043762,0.11189576983451843,0.1607966274023056,0.17666392028331754,0.013836191035807131,,angry
171,2019-11-30 14:43:01.525958,0.4242887198925018,0.10204829275608064,0.1728588491678238,0.16129571199417114,0.008520546369254589,,angry
172,2019-11-30 14:43:01.603234,0.3960371315479279,0.1197359636425972,0.13171620666980746,0.1943536251783371,0.009563625790178776,,angry
173,2019-11-30 14:43:01.644125,0.3960371315479279,0.1197359636425972,0.13171620666980746,0.1943536251783371,0.009563625790178776,,angry
174,2019-11-30 14:43:01.687012,0.3738009631633759,0.16449622809886932,0.11471671611070633,0.2097817361354828,0.009310291148722172,,angry
175,2019-11-30 14:43:01.729868,0.4144783318042755,0.10751531273126602,0.1734612137079239,0.16283728182315824,0.009298755787312984,,angry
176,2019-11-30 14:43:01.769761,0.4144783318042755,0.10751531273126602,0.1734612137079239,0.16283728182315824,0.009298755787312984,,angry
177,2019-11-30 14:43:01.809655,0.3627783954143524,0.14104099571704865,0.11233042925596236,0.2302728295326233,0.00929890852421522,,angry
178,2019-11-30 14:43:01.862541,0.3974230587482453,0.1772524118423462,0.12514953315258026,0.17606833577156067,0.008478495292365551,,angry
179,2019-11-30 14:43:01.902407,0.3974230587482453,0.1772524118423462,0.12514953315258026,0.17606833577156067,0.008478495292365551,,angry
180,2019-11-30 14:43:02.002277,0.3812363147735596,0.06170672923326492,0.1295335441827774,0.16817517578601834,0.010358595289289951,,angry
181,2019-11-30 14:43:02.045646,0.3812363147735596,0.06170672923326492,0.1295335441827774,0.16817517578601834,0.010358595289289951,,angry
182,2019-11-30 14:43:02.085539,0.4140486717224121,0.0532032810151577,0.1309162825345993,0.17180098593235016,0.00807360652834177,,angry
183,2019-11-30 14:43:04.387763,0.0955018624663353,0.002386389533057809,0.3896000981330872,0.09658316522836684,0.02399878203868866,,happy
184,2019-11-30 14:43:04.426790,0.0955018624663353,0.002386389533057809,0.3896000981330872,0.09658316522836684,0.02399878203868866,,happy
185,2019-11-30 14:43:05.257447,0.07211507856845856,0.006819744594395161,0.046255014836788184,0.4411924481391907,0.01628861017525196,,sad
186,2019-11-30 14:43:05.379633,0.07071617245674132,0.007862386293709278,0.05900249257683754,0.5243815779685974,0.013555050827562807,,sad
187,2019-11-30 14:43:05.420523,0.07071617245674132,0.007862386293709278,0.05900249257683754,0.5243815779685974,0.013555050827562807,,sad
188,2019-11-30 14:43:05.467398,0.07838358730077744,0.006087918300181627,0.040991470217704766,0.6958538293838501,0.005031958222389221,,sad
189,2019-11-30 14:43:05.524246,0.06613466888666153,0.007649350445717573,0.030517196282744408,0.5419876575469971,0.011904838494956492,,sad
190,2019-11-30 14:43:05.567762,0.06613466888666153,0.007649350445717573,0.030517196282744408,0.5419876575469971,0.011904838494956492,,sad
191,2019-11-30 14:43:05.609650,0.08560630679130554,0.011480158194899559,0.050765573978424065,0.43737074732780457,0.018348591402173042,,sad
192,2019-11-30 14:43:05.654132,0.09039865434169768,0.01290641538798809,0.054499130696058266,0.4039724469184876,0.019979622215032574,,sad
193,2019-11-30 14:43:05.695993,0.09039865434169768,0.01290641538798809,0.054499130696058266,0.4039724469184876,0.019979622215032574,,sad
194,2019-11-30 14:43:05.738938,0.0625959113240242,0.010148132219910622,0.05355589464306832,0.4261880815029144,0.02239552512764931,,sad
195,2019-11-30 14:43:05.780796,0.049599159508943565,0.010989607311785221,0.01920456625521183,0.4950816631317138,0.012373099103569984,,sad
196,2019-11-30 14:43:05.824678,0.049599159508943565,0.010989607311785221,0.01920456625521183,0.4950816631317138,0.012373099103569984,,sad
197,2019-11-30 14:43:08.452808,0.1434088945388794,0.008877918124198914,0.492037296295166,0.1319970041513443,0.0183270275592804,,happy
198,2019-11-30 14:43:08.493668,0.1434088945388794,0.008877918124198914,0.492037296295166,0.1319970041513443,0.0183270275592804,,happy
199,2019-11-30 14:43:08.538547,0.09963591396808624,0.0024206649977713823,0.591546356678009,0.18801899254322046,0.010047875344753264,,happy
200,2019-11-30 14:44:25.552360,0.13069476187229156,0.00205227336846292,0.4306119382381439,0.04908830299973488,0.013326930813491344,0.013326930813491344,happy
201,2019-11-30 14:44:36.381310,0.36449098587036133,0.03103034384548664,0.07254667580127716,0.19391179084777832,0.008279543370008469,0.008279543370008469,angry
202,2019-11-30 14:44:36.422327,0.36449098587036133,0.03103034384548664,0.07254667580127716,0.19391179084777832,0.008279543370008469,0.008279543370008469,angry
203,2019-11-30 14:44:44.893495,0.5727612376213074,0.01821579784154892,0.04476841911673546,0.20805877447128296,0.0023362203501164913,0.0023362203501164913,angry
204,2019-11-30 14:44:44.935563,0.5727612376213074,0.01821579784154892,0.04476841911673546,0.20805877447128296,0.0023362203501164913,0.0023362203501164913,angry
205,2019-11-30 14:44:45.882266,0.3500981032848358,0.02601238526403904,0.1109001561999321,0.18104267120361328,0.011250140145421028,0.011250140145421028,angry
206,2019-11-30 14:44:45.922130,0.3500981032848358,0.02601238526403904,0.1109001561999321,0.18104267120361328,0.011250140145421028,0.011250140145421028,angry
207,2019-11-30 14:44:46.409605,0.4293677806854248,0.026465866714715958,0.16411618888378143,0.11821284145116806,0.013191497884690762,0.013191497884690762,angry
208,2019-11-30 14:44:46.452489,0.4293677806854248,0.026465866714715958,0.16411618888378143,0.11821284145116806,0.013191497884690762,0.013191497884690762,angry
209,2019-11-30 14:44:46.495402,0.4494220018386841,0.02475135214626789,0.12354326248168945,0.11646251380443573,0.012488096952438354,0.012488096952438354,angry
210,2019-11-30 14:44:46.555541,0.457089364528656,0.026243001222610474,0.1336156725883484,0.11775124818086624,0.01356771681457758,0.01356771681457758,angry
211,2019-11-30 14:44:46.599426,0.457089364528656,0.026243001222610474,0.1336156725883484,0.11775124818086624,0.01356771681457758,0.01356771681457758,angry
212,2019-11-30 14:44:46.684199,0.4696267247200012,0.02648559771478176,0.11892823874950409,0.11704187095165253,0.01414402760565281,0.01414402760565281,angry
213,2019-11-30 14:44:46.729105,0.4696267247200012,0.02648559771478176,0.11892823874950409,0.11704187095165253,0.01414402760565281,0.01414402760565281,angry
214,2019-11-30 14:44:46.769995,0.364510715007782,0.021081050857901573,0.126883402466774,0.12525486946105957,0.014479328878223896,0.014479328878223896,angry
215,2019-11-30 14:44:46.812854,0.3919890224933624,0.018108680844306946,0.08030536770820618,0.12161283940076828,0.014351344667375088,0.014351344667375088,angry
216,2019-11-30 14:44:46.872693,0.44988757371902466,0.023955367505550385,0.11581476777791977,0.11951325088739395,0.011613287962973118,0.011613287962973118,angry
217,2019-11-30 14:44:46.916576,0.44988757371902466,0.023955367505550385,0.11581476777791977,0.11951325088739395,0.011613287962973118,0.011613287962973118,angry
218,2019-11-30 14:44:46.956469,0.3920705020427704,0.0205415990203619,0.10852454602718353,0.11826176196336746,0.013901484198868275,0.013901484198868275,angry
219,2019-11-30 14:44:47.022520,0.4438113868236542,0.031221823766827583,0.18517328798770905,0.11819347739219666,0.012640479952096939,0.012640479952096939,angry
220,2019-11-30 14:44:47.063532,0.4438113868236542,0.031221823766827583,0.18517328798770905,0.11819347739219666,0.012640479952096939,0.012640479952096939,angry
221,2019-11-30 14:44:47.106443,0.44532838463783264,0.02125026099383831,0.060045331716537476,0.13124409317970276,0.010647319257259369,0.010647319257259369,angry
222,2019-11-30 14:44:47.149302,0.4587579369544983,0.0289896372705698,0.13624578714370728,0.12186749279499054,0.013673168607056141,0.013673168607056141,angry
223,2019-11-30 14:44:47.211441,0.47010329365730286,0.02055005542933941,0.06354435533285141,0.12072807550430298,0.0108340410515666,0.0108340410515666,angry
224,2019-11-30 14:44:47.254446,0.47010329365730286,0.02055005542933941,0.06354435533285141,0.12072807550430298,0.0108340410515666,0.0108340410515666,angry
225,2019-11-30 14:44:47.294339,0.47049131989479065,0.029924491420388222,0.13515767455101013,0.1194205954670906,0.014249610714614391,0.014249610714614391,angry
226,2019-11-30 14:44:47.339261,0.4330503046512604,0.03465113416314125,0.2099383920431137,0.1262103170156479,0.012885562144219875,0.012885562144219875,angry
227,2019-11-30 14:44:47.384136,0.4330503046512604,0.03465113416314125,0.2099383920431137,0.1262103170156479,0.012885562144219875,0.012885562144219875,angry
228,2019-11-30 14:44:47.424056,0.39724862575531006,0.024443581700325012,0.14325739443302155,0.12944093346595764,0.014573034830391407,0.014573034830391407,angry
229,2019-11-30 14:44:47.744429,0.3427949845790863,0.023414036259055138,0.12591858208179474,0.15245626866817474,0.014855541288852692,0.014855541288852692,angry
230,2019-11-30 14:44:47.819263,0.4727458655834198,0.032591789960861206,0.10292375087738037,0.1382506638765335,0.00857494305819273,0.00857494305819273,angry
231,2019-11-30 14:44:47.865243,0.4727458655834198,0.032591789960861206,0.10292375087738037,0.1382506638765335,0.00857494305819273,0.00857494305819273,angry
232,2019-11-30 14:44:47.906135,0.3944658637046814,0.02684888429939747,0.1515435427427292,0.1367764174938202,0.015365786850452423,0.015365786850452423,angry
233,2019-11-30 14:44:47.949019,0.38887086510658264,0.02822752855718136,0.1787949800491333,0.15268445014953613,0.012576653622090816,0.012576653622090816,angry
234,2019-11-30 14:44:48.011071,0.3978408873081207,0.028903523460030556,0.17285257577896118,0.1440878063440323,0.01306245755404234,0.01306245755404234,angry
235,2019-11-30 14:44:48.052957,0.3978408873081207,0.028903523460030556,0.17285257577896118,0.1440878063440323,0.01306245755404234,0.01306245755404234,angry
236,2019-11-30 14:44:48.096839,0.4593749940395355,0.027507970109581947,0.09885095059871674,0.14032596349716187,0.009725403971970081,0.009725403971970081,angry
237,2019-11-30 14:44:48.137731,0.3859211802482605,0.023237522691488266,0.09658300131559372,0.14189612865447998,0.01232639979571104,0.01232639979571104,angry
238,2019-11-30 14:44:48.178400,0.3859211802482605,0.023237522691488266,0.09658300131559372,0.14189612865447998,0.01232639979571104,0.01232639979571104,angry
239,2019-11-30 14:44:48.223242,0.40249189734458923,0.027179567143321037,0.08963526040315628,0.14592434465885162,0.010588740929961205,0.010588740929961205,angry
240,2019-11-30 14:44:48.352011,0.37201714515686035,0.027261635288596153,0.08048249781131744,0.17780938744544983,0.010445447638630867,0.010445447638630867,angry
241,2019-11-30 14:44:49.401581,0.439508318901062,0.046808287501335144,0.1967296302318573,0.13149693608283997,0.008571777492761612,0.008571777492761612,angry
242,2019-11-30 14:44:49.446461,0.439508318901062,0.046808287501335144,0.1967296302318573,0.13149693608283997,0.008571777492761612,0.008571777492761612,angry
243,2019-11-30 14:44:49.488379,0.46887239813804626,0.03581690043210983,0.15180303156375885,0.14758871495723724,0.008080137893557549,0.008080137893557549,angry
244,2019-11-30 14:44:49.738845,0.39577481150627136,0.017028601840138435,0.06888659298419952,0.14249490201473236,0.008050561882555485,0.008050561882555485,angry
245,2019-11-30 14:44:49.781731,0.39577481150627136,0.017028601840138435,0.06888659298419952,0.14249490201473236,0.008050561882555485,0.008050561882555485,angry
246,2019-11-30 14:44:49.822621,0.5177270770072937,0.02126823551952839,0.06961014121770859,0.13308224081993103,0.006716276053339243,0.006716276053339243,angry
247,2019-11-30 14:44:49.867502,0.49068042635917664,0.027164630591869354,0.06208276376128197,0.14074571430683136,0.007761903572827578,0.007761903572827578,angry
248,2019-11-30 14:44:49.911384,0.49068042635917664,0.027164630591869354,0.06208276376128197,0.14074571430683136,0.007761903572827578,0.007761903572827578,angry
249,2019-11-30 14:44:50.009403,0.4992900490760803,0.020832013338804245,0.04267510771751404,0.13213089108467102,0.008353544399142265,0.008353544399142265,angry
250,2019-11-30 14:44:50.052288,0.4992900490760803,0.020832013338804245,0.04267510771751404,0.13213089108467102,0.008353544399142265,0.008353544399142265,angry
251,2019-11-30 14:44:50.094176,0.5153683423995972,0.022322185337543488,0.050656288862228394,0.1244736984372139,0.01059481967240572,0.01059481967240572,angry
252,2019-11-30 14:44:50.140057,0.46820133924484253,0.019742771983146667,0.05154469981789589,0.12343291193246841,0.010490273125469685,0.010490273125469685,angry
253,2019-11-30 14:44:50.181944,0.46820133924484253,0.019742771983146667,0.05154469981789589,0.12343291193246841,0.010490273125469685,0.010490273125469685,angry
254,2019-11-30 14:44:50.730979,0.08353220671415329,0.002248563105240464,0.5709717273712158,0.06621742248535156,0.03267895057797432,0.03267895057797432,happy
255,2019-11-30 14:44:50.776830,0.08353220671415329,0.002248563105240464,0.5709717273712158,0.06621742248535156,0.03267895057797432,0.03267895057797432,happy
256,2019-11-30 14:44:51.867573,0.10391232371330261,0.0003930967068299651,0.02587723359465599,0.3429819941520691,0.006225010845810175,0.006225010845810175,sad
257,2019-11-30 14:44:54.332265,0.38601839542388916,0.0076782298274338245,0.021424798294901848,0.23988816142082214,0.004073006100952625,0.004073006100952625,angry
258,2019-11-30 14:44:55.194147,0.5292268395423889,0.010876466520130634,0.0230913944542408,0.08610740303993225,0.0030985914636403322,0.0030985914636403322,angry
259,2019-11-30 14:45:24.631414,0.3959045708179474,0.0026132764760404825,0.059712912887334824,0.13615672290325165,0.00902211107313633,0.00902211107313633,angry
260,2019-11-30 14:45:24.674470,0.3959045708179474,0.0026132764760404825,0.059712912887334824,0.13615672290325165,0.00902211107313633,0.00902211107313633,angry
261,2019-11-30 14:45:25.432663,0.08143211901187897,0.0012991316616535187,0.6531656980514526,0.05148805305361748,0.009766243398189545,0.009766243398189545,happy
262,2019-11-30 14:45:25.472556,0.08143211901187897,0.0012991316616535187,0.6531656980514526,0.05148805305361748,0.009766243398189545,0.009766243398189545,happy
263,2019-11-30 14:45:25.517582,0.1135382205247879,0.005664584692567587,0.5712024569511414,0.1349506378173828,0.010068941861391068,0.010068941861391068,happy
264,2019-11-30 14:45:25.580441,0.1641005277633667,0.025769732892513275,0.26946625113487244,0.2739238142967224,0.012637882493436337,0.012637882493436337,sad
265,2019-11-30 14:45:25.625295,0.1641005277633667,0.025769732892513275,0.26946625113487244,0.2739238142967224,0.012637882493436337,0.012637882493436337,sad
266,2019-11-30 14:45:25.667182,0.13422419130802155,0.02468346431851387,0.15380807220935822,0.3457100987434387,0.012038588523864746,0.012038588523864746,sad
267,2019-11-30 14:45:27.305326,0.3102997839450836,0.14063575863838196,0.14629435539245605,0.11504989862442017,0.04090403392910957,0.04090403392910957,angry
268,2019-11-30 14:45:27.349209,0.3102997839450836,0.14063575863838196,0.14629435539245605,0.11504989862442017,0.04090403392910957,0.04090403392910957,angry
269,2019-11-30 14:45:28.362381,0.1006040945649147,0.00440402515232563,0.03203599527478218,0.41944408416748047,0.00944431871175766,0.00944431871175766,sad
270,2019-11-30 14:45:28.402399,0.1006040945649147,0.00440402515232563,0.03203599527478218,0.41944408416748047,0.00944431871175766,0.00944431871175766,sad
271,2019-11-30 14:45:28.490192,0.09068173170089722,0.005450178869068623,0.014700230211019516,0.6162974238395691,0.003982480615377426,0.003982480615377426,sad
272,2019-11-30 14:45:28.531055,0.09068173170089722,0.005450178869068623,0.014700230211019516,0.6162974238395691,0.003982480615377426,0.003982480615377426,sad
273,2019-11-30 14:45:28.635775,0.0711713507771492,0.0044650062918663025,0.010694539174437523,0.6483306884765625,0.0035383980721235275,0.0035383980721235275,sad
274,2019-11-30 14:45:28.678661,0.0711713507771492,0.0044650062918663025,0.010694539174437523,0.6483306884765625,0.0035383980721235275,0.0035383980721235275,sad
275,2019-11-30 14:45:28.717556,0.10366012156009674,0.011284403502941132,0.022593125700950623,0.5625270009040833,0.004935127217322588,0.004935127217322588,sad
276,2019-11-30 14:45:29.161655,0.25929173827171326,0.028071386739611626,0.36270493268966675,0.16554321348667145,0.01585288904607296,0.01585288904607296,happy
277,2019-11-30 14:45:29.206038,0.25929173827171326,0.028071386739611626,0.36270493268966675,0.16554321348667145,0.01585288904607296,0.01585288904607296,happy
278,2019-11-30 14:45:29.288322,0.20484252274036407,0.020218661054968834,0.3827255666255951,0.1448938250541687,0.022361328825354576,0.022361328825354576,happy
279,2019-11-30 14:45:29.332205,0.20484252274036407,0.020218661054968834,0.3827255666255951,0.1448938250541687,0.022361328825354576,0.022361328825354576,happy
280,2019-11-30 14:45:29.561670,0.23426271975040436,0.026443103328347206,0.333709180355072,0.16807974874973297,0.02051798440515995,0.02051798440515995,happy
281,2019-11-30 14:45:29.601540,0.23426271975040436,0.026443103328347206,0.333709180355072,0.16807974874973297,0.02051798440515995,0.02051798440515995,happy
282,2019-11-30 14:45:29.643428,0.14360365271568298,0.014764523133635521,0.1362888365983963,0.41107699275016785,0.016179945319890976,0.016179945319890976,sad
283,2019-11-30 14:45:30.028442,0.30109232664108276,0.03658382594585419,0.07011950016021729,0.2942327558994293,0.006215746980160475,0.006215746980160475,angry
284,2019-11-30 14:45:32.750961,0.23171290755271912,0.01867019198834896,0.2814365029335022,0.14243805408477783,0.03516247496008873,0.03516247496008873,happy
285,2019-11-30 14:45:32.892612,0.2266404628753662,0.018799329176545143,0.3592568039894104,0.1863924115896225,0.02342076599597931,0.02342076599597931,happy
286,2019-11-30 14:45:32.933503,0.2266404628753662,0.018799329176545143,0.3592568039894104,0.1863924115896225,0.02342076599597931,0.02342076599597931,happy
287,2019-11-30 14:45:33.673071,0.10898444056510925,0.003194131888449192,0.013834529556334019,0.4617272615432739,0.005405992269515991,0.005405992269515991,sad
288,2019-11-30 14:45:33.715989,0.10898444056510925,0.003194131888449192,0.013834529556334019,0.4617272615432739,0.005405992269515991,0.005405992269515991,sad
289,2019-11-30 14:45:36.138929,0.20817281305789948,0.021760083734989166,0.3101339042186737,0.17519310116767883,0.01750173605978489,0.01750173605978489,happy
290,2019-11-30 14:45:36.180816,0.20817281305789948,0.021760083734989166,0.3101339042186737,0.17519310116767883,0.01750173605978489,0.01750173605978489,happy
291,2019-11-30 14:45:36.225787,0.2979857325553894,0.03288605436682701,0.17113350331783295,0.25865164399147034,0.01174725778400898,0.01174725778400898,angry
292,2019-11-30 14:45:36.266793,0.25293660163879395,0.028044939041137695,0.12630018591880798,0.3581605851650238,0.009853939525783062,0.009853939525783062,sad
293,2019-11-30 14:45:36.345764,0.21399548649787903,0.02644926868379116,0.4227527678012848,0.08484841138124466,0.026337943971157074,0.026337943971157074,happy
294,2019-11-30 14:45:36.388623,0.21399548649787903,0.02644926868379116,0.4227527678012848,0.08484841138124466,0.026337943971157074,0.026337943971157074,happy
295,2019-11-30 14:45:36.433503,0.2335660755634308,0.030883947387337685,0.40228378772735596,0.0877070501446724,0.025956440716981888,0.025956440716981888,happy
296,2019-11-30 14:45:36.475391,0.274921715259552,0.03554310277104378,0.40816763043403625,0.10455337911844254,0.019300460815429688,0.019300460815429688,happy
297,2019-11-30 14:45:36.537254,0.22034865617752075,0.026277700439095497,0.3930126130580902,0.08586712926626205,0.02732425555586815,0.02732425555586815,happy
298,2019-11-30 14:45:36.582105,0.22034865617752075,0.026277700439095497,0.3930126130580902,0.08586712926626205,0.02732425555586815,0.02732425555586815,happy
299,2019-11-30 14:45:36.666878,0.21918568015098572,0.026606915518641472,0.30808225274086,0.09640052169561386,0.027768895030021667,0.027768895030021667,happy
300,2019-11-30 14:45:36.717743,0.21918568015098572,0.026606915518641472,0.30808225274086,0.09640052169561386,0.027768895030021667,0.027768895030021667,happy
301,2019-11-30 14:45:36.814484,0.2434477061033249,0.030663926154375076,0.3718435764312744,0.09183777868747711,0.023083195090293884,0.023083195090293884,happy
302,2019-11-30 14:45:36.856372,0.2434477061033249,0.030663926154375076,0.3718435764312744,0.09183777868747711,0.023083195090293884,0.023083195090293884,happy
303,2019-11-30 14:45:36.899285,0.2175562083721161,0.026305338367819786,0.4239889681339264,0.08173340559005737,0.025531962513923645,0.025531962513923645,happy
304,2019-11-30 14:45:36.942170,0.27336981892585754,0.03258565440773964,0.38585686683654785,0.09191655367612839,0.019983841106295586,0.019983841106295586,happy
305,2019-11-30 14:45:37.002984,0.23931573331356049,0.031828127801418304,0.32136452198028564,0.10311984270811081,0.026236793026328087,0.026236793026328087,happy
306,2019-11-30 14:45:37.047864,0.23931573331356049,0.031828127801418304,0.32136452198028564,0.10311984270811081,0.026236793026328087,0.026236793026328087,happy
307,2019-11-30 14:45:37.090750,0.24622558057308197,0.031451184302568436,0.3219551742076874,0.10960178077220917,0.023088278248906136,0.023088278248906136,happy
308,2019-11-30 14:45:37.132638,0.19833393394947052,0.021992970257997513,0.32650142908096313,0.08870971947908401,0.028310639783740044,0.028310639783740044,happy
309,2019-11-30 14:45:37.337223,0.2596600651741028,0.03532208874821663,0.33966484665870667,0.10743247717618942,0.023314891383051872,0.023314891383051872,happy
310,2019-11-30 14:45:37.381106,0.2596600651741028,0.03532208874821663,0.33966484665870667,0.10743247717618942,0.023314891383051872,0.023314891383051872,happy
311,2019-11-30 14:45:37.422504,0.25570401549339294,0.03542189672589302,0.3593052327632904,0.10607923567295074,0.022641530260443687,0.022641530260443687,happy
312,2019-11-30 14:45:37.469380,0.19298134744167328,0.01810329593718052,0.4343821406364441,0.07021031528711319,0.025600196793675423,0.025600196793675423,happy
313,2019-11-30 14:45:37.509302,0.19298134744167328,0.01810329593718052,0.4343821406364441,0.07021031528711319,0.025600196793675423,0.025600196793675423,happy
314,2019-11-30 14:45:37.549169,0.21517841517925262,0.026289619505405426,0.3682948648929596,0.09659494459629059,0.023735910654067993,0.023735910654067993,happy
315,2019-11-30 14:45:37.609009,0.3621560335159302,0.04981120303273201,0.22414745390415192,0.17724785208702087,0.007953761145472527,0.007953761145472527,angry
316,2019-11-30 14:45:37.649926,0.3621560335159302,0.04981120303273201,0.22414745390415192,0.17724785208702087,0.007953761145472527,0.007953761145472527,angry
317,2019-11-30 14:45:37.933626,0.1142689511179924,0.0034028079826384783,0.054820265620946884,0.5061917304992676,0.00803189817816019,0.00803189817816019,sad
318,2019-11-30 14:45:37.976514,0.1142689511179924,0.0034028079826384783,0.054820265620946884,0.5061917304992676,0.00803189817816019,0.00803189817816019,sad
319,2019-11-30 14:45:38.145534,0.16620787978172302,0.0012566676596179605,0.03467158228158951,0.36105379462242126,0.007909415289759636,0.007909415289759636,sad
320,2019-11-30 14:45:38.544662,0.16535750031471252,0.001950093312188983,0.055543847382068634,0.3882485032081604,0.00796541478484869,0.00796541478484869,sad
321,2019-11-30 14:45:38.671367,0.1360267847776413,0.0005110444617457688,0.0341283455491066,0.37715205550193787,0.006573666352778673,0.006573666352778673,sad
322,2019-11-30 14:45:39.008619,0.13559986650943756,0.0014527185121551156,0.05084576830267906,0.4238353967666626,0.007404651027172804,0.007404651027172804,sad
323,2019-11-30 14:45:39.067785,0.1300971955060959,0.0008101261919364333,0.04718365520238876,0.4079256057739258,0.006726938299834728,0.006726938299834728,sad
324,2019-11-30 14:45:39.113666,0.1300971955060959,0.0008101261919364333,0.04718365520238876,0.4079256057739258,0.006726938299834728,0.006726938299834728,sad
325,2019-11-30 14:45:39.195669,0.14379249513149261,0.00041799707105383277,0.030296405777335167,0.35816270112991333,0.006742204073816538,0.006742204073816538,sad
326,2019-11-30 14:45:39.262640,0.159119114279747,0.000459428527392447,0.024472558870911598,0.33331063389778137,0.007144767791032791,0.007144767791032791,sad
327,2019-11-30 14:45:39.304528,0.159119114279747,0.000459428527392447,0.024472558870911598,0.33331063389778137,0.007144767791032791,0.007144767791032791,sad
328,2019-11-30 14:45:39.407289,0.14453791081905365,0.009264127351343632,0.14541952311992645,0.456096351146698,0.009999671019613743,0.009999671019613743,sad
329,2019-11-30 14:45:39.451061,0.14453791081905365,0.009264127351343632,0.14541952311992645,0.456096351146698,0.009999671019613743,0.009999671019613743,sad
330,2019-11-30 14:45:39.601659,0.32581964135169983,0.07572414726018906,0.07945273071527481,0.16070912778377533,0.021479494869709015,0.021479494869709015,angry
331,2019-11-30 14:45:39.672470,0.37125980854034424,0.11832498013973236,0.17196455597877502,0.14717666804790497,0.018934126943349838,0.018934126943349838,angry
332,2019-11-30 14:45:39.715355,0.37125980854034424,0.11832498013973236,0.17196455597877502,0.14717666804790497,0.018934126943349838,0.018934126943349838,angry
333,2019-11-30 14:45:39.757874,0.4014514088630676,0.0962994173169136,0.19661588966846466,0.12190857529640198,0.016590364277362823,0.016590364277362823,angry
334,2019-11-30 14:45:39.805746,0.31885701417922974,0.13403426110744476,0.12079618871212006,0.14685526490211487,0.0314265713095665,0.0314265713095665,angry
335,2019-11-30 14:45:39.848820,0.31885701417922974,0.13403426110744476,0.12079618871212006,0.14685526490211487,0.0314265713095665,0.0314265713095665,angry
336,2019-11-30 14:45:39.890681,0.464883029460907,0.06661798804998398,0.1551007777452469,0.13206486403942108,0.012257944792509079,0.012257944792509079,angry
337,2019-11-30 14:45:39.940083,0.48199039697647095,0.11974893510341644,0.1503596156835556,0.08912729471921921,0.013608676381409168,0.013608676381409168,angry
338,2019-11-30 14:45:39.995909,0.36020907759666443,0.13320419192314148,0.1625603437423706,0.129660964012146,0.026495007798075676,0.026495007798075676,angry
339,2019-11-30 14:45:40.061039,0.4057416021823883,0.10566044598817825,0.18049556016921997,0.1257122904062271,0.018072716891765594,0.018072716891765594,angry
340,2019-11-30 14:45:40.103924,0.4057416021823883,0.10566044598817825,0.18049556016921997,0.1257122904062271,0.018072716891765594,0.018072716891765594,angry
341,2019-11-30 14:45:40.145953,0.43868425488471985,0.101747527718544,0.17843423783779144,0.13347607851028442,0.012737920507788658,0.012737920507788658,angry
342,2019-11-30 14:45:40.203859,0.44490352272987366,0.10201378911733627,0.18835189938545227,0.11908035725355148,0.013819188810884953,0.013819188810884953,angry
343,2019-11-30 14:45:40.246747,0.44490352272987366,0.10201378911733627,0.18835189938545227,0.11908035725355148,0.013819188810884953,0.013819188810884953,angry
344,2019-11-30 14:45:40.291658,0.4227205514907837,0.1003483459353447,0.18150600790977478,0.12872102856636047,0.014856475405395031,0.014856475405395031,angry
345,2019-11-30 14:45:40.331517,0.4209003448486328,0.10543858259916306,0.17223615944385529,0.13160841166973114,0.01591334491968155,0.01591334491968155,angry
346,2019-11-30 14:45:40.396384,0.45838436484336853,0.0963248685002327,0.18024711310863495,0.13181491196155548,0.010464316233992577,0.010464316233992577,angry
347,2019-11-30 14:45:40.460240,0.37155377864837646,0.15427479147911072,0.15597505867481232,0.12677785754203796,0.02825836092233658,0.02825836092233658,angry
348,2019-11-30 14:45:40.503100,0.37155377864837646,0.15427479147911072,0.15597505867481232,0.12677785754203796,0.02825836092233658,0.02825836092233658,angry
349,2019-11-30 14:45:40.548005,0.45672276616096497,0.09510879963636398,0.1771661788225174,0.1383773386478424,0.010034872218966484,0.010034872218966484,angry
350,2019-11-30 14:45:40.603857,0.37952083349227905,0.14193660020828247,0.16241851449012756,0.1463755965232849,0.01857619918882847,0.01857619918882847,angry
351,2019-11-30 14:45:40.647739,0.37952083349227905,0.14193660020828247,0.16241851449012756,0.1463755965232849,0.01857619918882847,0.01857619918882847,angry
352,2019-11-30 14:45:40.689600,0.5095217823982239,0.061597906053066254,0.1604233980178833,0.12523330748081207,0.009681757539510727,0.009681757539510727,angry
353,2019-11-30 14:45:40.732485,0.3351028561592102,0.03573581576347351,0.25229278206825256,0.09978841245174408,0.0164170041680336,0.0164170041680336,angry
354,2019-11-30 14:45:41.387432,0.5301768183708191,0.02205497771501541,0.05869320034980774,0.12069674581289291,0.007204877212643623,0.007204877212643623,angry
355,2019-11-30 14:45:41.429323,0.5301768183708191,0.02205497771501541,0.05869320034980774,0.12069674581289291,0.007204877212643623,0.007204877212643623,angry
356,2019-11-30 14:45:41.475198,0.45404157042503357,0.02393791265785694,0.0742347463965416,0.12820599973201752,0.010254277847707272,0.010254277847707272,angry
357,2019-11-30 14:45:41.530051,0.4114803075790405,0.016305936500430107,0.06855688244104385,0.1318776160478592,0.01036883145570755,0.01036883145570755,angry
358,2019-11-30 14:45:41.576926,0.4114803075790405,0.016305936500430107,0.06855688244104385,0.1318776160478592,0.01036883145570755,0.01036883145570755,angry
359,2019-11-30 14:45:41.785974,0.4056386351585388,0.0506528876721859,0.1430368572473526,0.1153922975063324,0.014187590219080448,0.014187590219080448,angry
360,2019-11-30 14:45:41.829895,0.4056386351585388,0.0506528876721859,0.1430368572473526,0.1153922975063324,0.014187590219080448,0.014187590219080448,angry
361,2019-11-30 14:45:41.930999,0.43773242831230164,0.05874289199709892,0.16713814437389374,0.11987931281328201,0.010916667059063911,0.010916667059063911,angry
362,2019-11-30 14:45:41.973844,0.43773242831230164,0.05874289199709892,0.16713814437389374,0.11987931281328201,0.010916667059063911,0.010916667059063911,angry
363,2019-11-30 14:45:42.014708,0.3680751323699951,0.04736689478158951,0.15227943658828735,0.11157910525798798,0.016395550221204758,0.016395550221204758,angry
364,2019-11-30 14:45:42.058591,0.3126899302005768,0.05082480236887932,0.1679379642009735,0.12972290813922882,0.018397890031337738,0.018397890031337738,angry
365,2019-11-30 14:45:42.101476,0.3126899302005768,0.05082480236887932,0.1679379642009735,0.12972290813922882,0.018397890031337738,0.018397890031337738,angry
366,2019-11-30 14:45:43.386804,0.0899515151977539,0.006802122108638287,0.020900772884488106,0.5821408033370972,0.005196799524128437,0.005196799524128437,sad
367,2019-11-30 14:45:43.432862,0.0899515151977539,0.006802122108638287,0.020900772884488106,0.5821408033370972,0.005196799524128437,0.005196799524128437,sad
368,2019-11-30 14:45:43.515781,0.1168089509010315,0.0048416899517178535,0.026315592229366302,0.4301670789718628,0.00722645316272974,0.00722645316272974,sad
369,2019-11-30 14:45:43.561657,0.1168089509010315,0.0048416899517178535,0.026315592229366302,0.4301670789718628,0.00722645316272974,0.00722645316272974,sad
370,2019-11-30 14:45:45.051018,0.14967209100723267,0.008032629266381264,0.03393859416246414,0.4755001366138458,0.0061256312765181065,0.0061256312765181065,sad
371,2019-11-30 14:45:45.097892,0.14967209100723267,0.008032629266381264,0.03393859416246414,0.4755001366138458,0.0061256312765181065,0.0061256312765181065,sad
372,2019-11-30 14:45:48.443446,0.3387298583984375,0.04762718826532364,0.09508050978183746,0.14776861667633057,0.013310461305081844,0.013310461305081844,angry
373,2019-11-30 14:45:48.487390,0.3387298583984375,0.04762718826532364,0.09508050978183746,0.14776861667633057,0.013310461305081844,0.013310461305081844,angry
374,2019-11-30 14:45:49.100467,0.12465719133615494,0.004101589787751436,0.014422873966395855,0.4951271116733551,0.004389072768390179,0.004389072768390179,sad
375,2019-11-30 14:45:49.712814,0.3479369580745697,0.0802043229341507,0.2772355377674103,0.1293475478887558,0.011219577863812447,0.011219577863812447,angry
376,2019-11-30 14:45:49.764675,0.3479369580745697,0.0802043229341507,0.2772355377674103,0.1293475478887558,0.011219577863812447,0.011219577863812447,angry
377,2019-11-30 14:45:49.839772,0.40717101097106934,0.0027891171630471945,0.08180169016122818,0.12001621723175049,0.009758851490914822,0.009758851490914822,angry
378,2019-11-30 14:45:49.897617,0.3620389401912689,0.0030109218787401915,0.08971161395311356,0.11747055500745773,0.01118701696395874,0.01118701696395874,angry
379,2019-11-30 14:45:49.951735,0.3620389401912689,0.0030109218787401915,0.08971161395311356,0.11747055500745773,0.01118701696395874,0.01118701696395874,angry
380,2019-11-30 14:45:54.618257,0.03922998532652855,0.00044581395923160017,0.00920763798058033,0.04899148643016815,0.42906543612480164,0.42906543612480164,surprise
381,2019-11-30 14:45:54.663263,0.03922998532652855,0.00044581395923160017,0.00920763798058033,0.04899148643016815,0.42906543612480164,0.42906543612480164,surprise
382,2019-11-30 14:45:58.541745,0.054626692086458206,0.001024389872327447,0.013107645325362682,0.023452309891581535,0.49347585439682007,0.49347585439682007,surprise
383,2019-11-30 14:45:59.740524,0.12397399544715881,0.0029460275545716286,0.011785523034632206,0.032230548560619354,0.4277673363685608,0.4277673363685608,surprise
384,2019-11-30 14:45:59.783417,0.12397399544715881,0.0029460275545716286,0.011785523034632206,0.032230548560619354,0.4277673363685608,0.4277673363685608,surprise
385,2019-11-30 14:45:59.947129,0.4403160512447357,0.004856336861848831,0.030313458293676376,0.16085153818130493,0.007936776615679264,0.007936776615679264,angry
386,2019-11-30 14:45:59.993068,0.4403160512447357,0.004856336861848831,0.030313458293676376,0.16085153818130493,0.007936776615679264,0.007936776615679264,angry
387,2019-11-30 14:46:00.939074,0.01202338095754385,0.0001481074868934229,0.002464713528752327,0.006907912902534008,0.5695592164993286,0.5695592164993286,surprise
388,2019-11-30 14:46:00.985947,0.01202338095754385,0.0001481074868934229,0.002464713528752327,0.006907912902534008,0.5695592164993286,0.5695592164993286,surprise
389,2019-11-30 14:46:01.136575,0.01152066420763731,0.00024316069902852178,0.003914326429367065,0.01654743030667305,0.5039269924163818,0.5039269924163818,surprise
390,2019-11-30 14:46:02.074607,0.13365115225315094,0.0016203956911340356,0.012836691923439503,0.03363613039255142,0.43360835313796997,0.43360835313796997,surprise
391,2019-11-30 14:46:02.119487,0.13365115225315094,0.0016203956911340356,0.012836691923439503,0.03363613039255142,0.43360835313796997,0.43360835313796997,surprise
392,2019-11-30 14:46:05.596657,0.3381462097167969,0.004235418047755957,0.01341429352760315,0.30651888251304626,0.0037535768933594227,0.0037535768933594227,angry
393,2019-11-30 14:46:06.458141,0.0936904028058052,0.0004003840731456876,0.03610306978225708,0.4540705680847168,0.006150861270725727,0.006150861270725727,sad
394,2019-11-30 14:46:06.499312,0.0936904028058052,0.0004003840731456876,0.03610306978225708,0.4540705680847168,0.006150861270725727,0.006150861270725727,sad
395,2019-11-30 14:46:06.717306,0.10164659470319748,0.004991264548152685,0.4098670184612274,0.10101140290498734,0.031638383865356445,0.031638383865356445,happy
396,2019-11-30 14:46:06.793102,0.03756660968065262,0.00037880035233683884,0.8823341727256775,0.01680861972272396,0.014758823439478874,0.014758823439478874,happy
397,2019-11-30 14:46:06.858056,0.06144198030233383,0.0020158025436103344,0.7681418061256409,0.030728250741958618,0.035948745906353,0.035948745906353,happy
398,2019-11-30 14:46:06.899975,0.06144198030233383,0.0020158025436103344,0.7681418061256409,0.030728250741958618,0.035948745906353,0.035948745906353,happy
399,2019-11-30 14:46:06.936846,0.07104013115167618,0.002844000468030572,0.7471550703048706,0.03015323542058468,0.044653743505477905,0.044653743505477905,happy
400,2019-11-30 14:46:06.985715,0.11005224287509918,0.007594844326376915,0.6784952282905579,0.03838266432285309,0.04244924336671829,0.04244924336671829,happy
401,2019-11-30 14:46:07.026606,0.11005224287509918,0.007594844326376915,0.6784952282905579,0.03838266432285309,0.04244924336671829,0.04244924336671829,happy
402,2019-11-30 14:46:07.068494,0.20852740108966827,0.015142275020480156,0.53208327293396,0.0621383972465992,0.022632425650954247,0.022632425650954247,happy
403,2019-11-30 14:46:07.113374,0.219679057598114,0.012390629388391972,0.4724162220954895,0.04471322521567345,0.027623111382126808,0.027623111382126808,happy
404,2019-11-30 14:46:07.155261,0.219679057598114,0.012390629388391972,0.4724162220954895,0.04471322521567345,0.027623111382126808,0.027623111382126808,happy
405,2019-11-30 14:46:07.194185,0.28632593154907227,0.02165609784424305,0.38373908400535583,0.06506497412919998,0.020790275186300278,0.020790275186300278,happy
406,2019-11-30 14:46:07.255992,0.18115969002246857,0.009407753124833107,0.5187681913375854,0.04769859462976456,0.030942032113671303,0.030942032113671303,happy
407,2019-11-30 14:46:07.297907,0.18115969002246857,0.009407753124833107,0.5187681913375854,0.04769859462976456,0.030942032113671303,0.030942032113671303,happy
408,2019-11-30 14:46:07.336803,0.40507063269615173,0.03797385096549988,0.3186207413673401,0.06778446584939957,0.017022227868437767,0.017022227868437767,angry
409,2019-11-30 14:46:07.387670,0.24886006116867065,0.020514199510216713,0.3724166452884674,0.08274763077497482,0.02419118396937847,0.02419118396937847,happy
410,2019-11-30 14:46:07.425702,0.24886006116867065,0.020514199510216713,0.3724166452884674,0.08274763077497482,0.02419118396937847,0.02419118396937847,happy
411,2019-11-30 14:46:07.464598,0.16647323966026306,0.008790049701929092,0.5062841773033142,0.0597904808819294,0.027075227349996567,0.027075227349996567,happy
412,2019-11-30 14:46:07.511473,0.17459584772586823,0.01453034020960331,0.4959912598133087,0.07637909799814224,0.029585160315036774,0.029585160315036774,happy
413,2019-11-30 14:46:07.550369,0.17459584772586823,0.01453034020960331,0.4959912598133087,0.07637909799814224,0.029585160315036774,0.029585160315036774,happy
414,2019-11-30 14:46:07.589264,0.11890173703432083,0.006107016000896692,0.49426841735839844,0.050775595009326935,0.03312293812632561,0.03312293812632561,happy
415,2019-11-30 14:46:07.656241,0.14113390445709229,0.008754781447350979,0.4112076163291931,0.06759189814329147,0.031702153384685516,0.031702153384685516,happy
416,2019-11-30 14:46:07.697158,0.14113390445709229,0.008754781447350979,0.4112076163291931,0.06759189814329147,0.031702153384685516,0.031702153384685516,happy
417,2019-11-30 14:46:07.739047,0.14384673535823822,0.008211050182580948,0.45297837257385254,0.06506817042827606,0.02697586826980114,0.02697586826980114,happy
418,2019-11-30 14:46:07.783899,0.213928684592247,0.014769966714084148,0.33942288160324097,0.07897709310054779,0.0301944799721241,0.0301944799721241,happy
419,2019-11-30 14:46:07.828779,0.213928684592247,0.014769966714084148,0.33942288160324097,0.07897709310054779,0.0301944799721241,0.0301944799721241,happy
420,2019-11-30 14:46:07.868673,0.16548950970172882,0.011008079163730145,0.5590681433677673,0.07662061601877213,0.026006614789366722,0.026006614789366722,happy
421,2019-11-30 14:46:07.916573,0.21273541450500488,0.013155882246792316,0.35552629828453064,0.08141680806875229,0.03169865533709526,0.03169865533709526,happy
422,2019-11-30 14:46:07.957436,0.21273541450500488,0.013155882246792316,0.35552629828453064,0.08141680806875229,0.03169865533709526,0.03169865533709526,happy
423,2019-11-30 14:46:07.998355,0.21525906026363373,0.0211148913949728,0.42556336522102356,0.097305066883564,0.028283463791012764,0.028283463791012764,happy
424,2019-11-30 14:46:08.039219,0.3672187626361847,0.0294025968760252,0.24711421132087708,0.08762203902006149,0.020626641809940338,0.020626641809940338,angry
425,2019-11-30 14:46:08.079114,0.3672187626361847,0.0294025968760252,0.24711421132087708,0.08762203902006149,0.020626641809940338,0.020626641809940338,angry
426,2019-11-30 14:46:08.123042,0.28456223011016846,0.02542761154472828,0.40233901143074036,0.08403322845697403,0.023527923971414566,0.023527923971414566,happy
427,2019-11-30 14:46:08.164931,0.28456223011016846,0.02542761154472828,0.40233901143074036,0.08403322845697403,0.023527923971414566,0.023527923971414566,happy
428,2019-11-30 14:46:08.251699,0.19442468881607056,0.014990776777267456,0.42514148354530334,0.08377238363027573,0.02977546863257885,0.02977546863257885,happy
429,2019-11-30 14:46:08.291591,0.19442468881607056,0.014990776777267456,0.42514148354530334,0.08377238363027573,0.02977546863257885,0.02977546863257885,happy
430,2019-11-30 14:46:08.330514,0.14574459195137024,0.010175088420510292,0.5850980281829834,0.07074398547410965,0.024591783061623573,0.024591783061623573,happy
431,2019-11-30 14:46:08.377388,0.16970057785511017,0.009751268662512302,0.6719779372215271,0.04144010320305824,0.017808333039283752,0.017808333039283752,happy
432,2019-11-30 14:46:08.417280,0.16970057785511017,0.009751268662512302,0.6719779372215271,0.04144010320305824,0.017808333039283752,0.017808333039283752,happy
433,2019-11-30 14:46:08.456740,0.264530211687088,0.024603350088000298,0.4681214392185211,0.0829847902059555,0.0227516982704401,0.0227516982704401,happy
434,2019-11-30 14:46:08.520570,0.12810061872005463,0.005765152163803577,0.7220681309700012,0.03378317877650261,0.020415589213371277,0.020415589213371277,happy
435,2019-11-30 14:46:08.560634,0.12810061872005463,0.005765152163803577,0.7220681309700012,0.03378317877650261,0.020415589213371277,0.020415589213371277,happy
436,2019-11-30 14:46:08.603547,0.12110928446054459,0.00513062160462141,0.6885831952095032,0.04069661349058151,0.018734021112322807,0.018734021112322807,happy
437,2019-11-30 14:46:08.648475,0.1258925199508667,0.004586334805935621,0.7425021529197693,0.04125698283314705,0.013639708049595356,0.013639708049595356,happy
438,2019-11-30 14:46:08.689372,0.1258925199508667,0.004586334805935621,0.7425021529197693,0.04125698283314705,0.013639708049595356,0.013639708049595356,happy
439,2019-11-30 14:46:08.726265,0.23418548703193665,0.019044557586312294,0.5391051173210144,0.07404892146587372,0.02231093868613243,0.02231093868613243,happy
440,2019-11-30 14:46:08.776131,0.16597789525985718,0.006957970559597015,0.6840729713439941,0.047513335943222046,0.01766207627952099,0.01766207627952099,happy
441,2019-11-30 14:46:08.816025,0.16597789525985718,0.006957970559597015,0.6840729713439941,0.047513335943222046,0.01766207627952099,0.01766207627952099,happy
442,2019-11-30 14:46:08.852926,0.0906183123588562,0.0024991065729409456,0.7990756034851074,0.02434425987303257,0.0166774895042181,0.0166774895042181,happy
443,2019-11-30 14:46:08.903790,0.05635761842131615,0.0008236962603405118,0.8655803203582764,0.017047740519046783,0.007660546340048313,0.007660546340048313,happy
444,2019-11-30 14:46:08.942686,0.05635761842131615,0.0008236962603405118,0.8655803203582764,0.017047740519046783,0.007660546340048313,0.007660546340048313,happy
445,2019-11-30 14:46:08.985572,0.06958617269992828,0.00186217634472996,0.816497266292572,0.02749205008149147,0.014470371417701244,0.014470371417701244,happy
446,2019-11-30 14:46:09.024467,0.06958617269992828,0.00186217634472996,0.816497266292572,0.02749205008149147,0.014470371417701244,0.014470371417701244,happy
447,2019-11-30 14:46:09.062366,0.28241002559661865,0.022445490583777428,0.4917459785938263,0.05763379484415054,0.020640656352043152,0.020640656352043152,happy
448,2019-11-30 14:46:09.111236,0.262990802526474,0.024880876764655113,0.5155516266822815,0.06189115345478058,0.017359087243676186,0.017359087243676186,happy
449,2019-11-30 14:46:09.149136,0.262990802526474,0.024880876764655113,0.5155516266822815,0.06189115345478058,0.017359087243676186,0.017359087243676186,happy
450,2019-11-30 14:46:09.191021,0.3908115327358246,0.039647702127695084,0.3004847466945648,0.09708522260189056,0.018739787861704826,0.018739787861704826,angry
451,2019-11-30 14:46:09.240888,0.2947710156440735,0.02649117447435856,0.392371267080307,0.09841317683458328,0.02471981942653656,0.02471981942653656,happy
452,2019-11-30 14:46:09.279816,0.2947710156440735,0.02649117447435856,0.392371267080307,0.09841317683458328,0.02471981942653656,0.02471981942653656,happy
453,2019-11-30 14:46:09.320719,0.2239171266555786,0.018967241048812866,0.4634246528148651,0.1197056844830513,0.023350322619080544,0.023350322619080544,happy
454,2019-11-30 14:46:09.384664,0.3029305338859558,0.025742048397660255,0.3995113968849182,0.09156229346990585,0.020445620641112328,0.020445620641112328,happy
455,2019-11-30 14:46:09.425555,0.3029305338859558,0.025742048397660255,0.3995113968849182,0.09156229346990585,0.020445620641112328,0.020445620641112328,happy
456,2019-11-30 14:46:09.463453,0.18283000588417053,0.0061895581893622875,0.5716743469238281,0.09723292291164398,0.019738493487238884,0.019738493487238884,happy
457,2019-11-30 14:46:09.513320,0.32280299067497253,0.020671280100941658,0.39265140891075134,0.10600800812244415,0.01723826490342617,0.01723826490342617,happy
458,2019-11-30 14:46:09.553213,0.32280299067497253,0.020671280100941658,0.39265140891075134,0.10600800812244415,0.01723826490342617,0.01723826490342617,happy
459,2019-11-30 14:46:09.592109,0.1704787313938141,0.0019238736713305116,0.37486040592193604,0.13487543165683746,0.02622741088271141,0.02622741088271141,happy
460,2019-11-30 14:46:09.639489,0.17244063317775726,0.004078885540366173,0.4130346477031708,0.14970235526561737,0.025049887597560883,0.025049887597560883,happy
461,2019-11-30 14:46:09.678385,0.17244063317775726,0.004078885540366173,0.4130346477031708,0.14970235526561737,0.025049887597560883,0.025049887597560883,happy
462,2019-11-30 14:46:09.718277,0.20596951246261597,0.0025413259863853455,0.2835942506790161,0.16039226949214935,0.023473670706152916,0.023473670706152916,happy
463,2019-11-30 14:46:09.783385,0.15346895158290863,0.003947943914681673,0.46854278445243835,0.12449011951684952,0.02773602120578289,0.02773602120578289,happy
464,2019-11-30 14:46:09.823305,0.15346895158290863,0.003947943914681673,0.46854278445243835,0.12449011951684952,0.02773602120578289,0.02773602120578289,happy
465,2019-11-30 14:46:09.864514,0.19189026951789856,0.005211551673710346,0.4545319080352783,0.1281195878982544,0.023229258134961128,0.023229258134961128,happy
466,2019-11-30 14:46:09.913550,0.15733543038368225,0.0045296866446733475,0.5892784595489502,0.0932757779955864,0.022189132869243622,0.022189132869243622,happy
467,2019-11-30 14:46:09.956409,0.15733543038368225,0.0045296866446733475,0.5892784595489502,0.0932757779955864,0.022189132869243622,0.022189132869243622,happy
468,2019-11-30 14:46:09.994308,0.11133930087089539,0.001202956074848771,0.6353281140327454,0.0812356024980545,0.018476612865924835,0.018476612865924835,happy
469,2019-11-30 14:46:10.040314,0.11877044290304184,0.0009608244872651994,0.6034478545188904,0.09956996887922287,0.01625622995197773,0.01625622995197773,happy
470,2019-11-30 14:46:10.083360,0.11877044290304184,0.0009608244872651994,0.6034478545188904,0.09956996887922287,0.01625622995197773,0.01625622995197773,happy
471,2019-11-30 14:46:10.121262,0.0662662461400032,0.00013056700117886066,0.6741228103637695,0.08483431488275528,0.012346995063126087,0.012346995063126087,happy
472,2019-11-30 14:46:10.171099,0.17473994195461273,0.003219886450096965,0.5846012234687805,0.08846895396709442,0.017636174336075783,0.017636174336075783,happy
473,2019-11-30 14:46:10.210027,0.17473994195461273,0.003219886450096965,0.5846012234687805,0.08846895396709442,0.017636174336075783,0.017636174336075783,happy
474,2019-11-30 14:46:10.248890,0.11921706050634384,0.0008815390174277127,0.6446593999862671,0.07944393157958984,0.0164002925157547,0.0164002925157547,happy
475,2019-11-30 14:46:10.310725,0.07579982280731201,0.001403365284204483,0.8342449069023132,0.03784458711743355,0.005828946363180876,0.005828946363180876,happy
476,2019-11-30 14:46:10.350281,0.07579982280731201,0.001403365284204483,0.8342449069023132,0.03784458711743355,0.005828946363180876,0.005828946363180876,happy
477,2019-11-30 14:46:10.391150,0.11149391531944275,0.0013568439753726125,0.5762730836868286,0.1081373542547226,0.026755724102258682,0.026755724102258682,happy
478,2019-11-30 14:46:10.439022,0.08322498202323914,0.00022692301718052477,0.7046992182731628,0.07767925411462784,0.013077773153781891,0.013077773153781891,happy
479,2019-11-30 14:46:10.478914,0.08322498202323914,0.00022692301718052477,0.7046992182731628,0.07767925411462784,0.013077773153781891,0.013077773153781891,happy
480,2019-11-30 14:46:10.517838,0.08196960389614105,0.0007642936543561518,0.4999706745147705,0.15468241274356842,0.02013360522687435,0.02013360522687435,happy
481,2019-11-30 14:46:10.568120,0.07102265954017639,0.0003266528947278857,0.7248390316963196,0.07365038990974426,0.013545236550271511,0.013545236550271511,happy
482,2019-11-30 14:46:10.611170,0.07102265954017639,0.0003266528947278857,0.7248390316963196,0.07365038990974426,0.013545236550271511,0.013545236550271511,happy
483,2019-11-30 14:46:10.650066,0.019091742113232613,4.8537831389694475e-06,0.7872629761695862,0.0467812642455101,0.007870400324463844,0.007870400324463844,happy
484,2019-11-30 14:46:10.777923,0.01018571574240923,1.5550879197689937e-06,0.9248180389404297,0.025199607014656067,0.0022504045628011227,0.0022504045628011227,happy
485,2019-11-30 14:46:10.816818,0.01018571574240923,1.5550879197689937e-06,0.9248180389404297,0.025199607014656067,0.0022504045628011227,0.0022504045628011227,happy
486,2019-11-30 14:46:11.112351,0.014797310344874859,1.8638724213815294e-05,0.7868554592132568,0.09239809215068817,0.01157918106764555,0.01157918106764555,happy
487,2019-11-30 14:46:11.154358,0.014797310344874859,1.8638724213815294e-05,0.7868554592132568,0.09239809215068817,0.01157918106764555,0.01157918106764555,happy
488,2019-11-30 14:46:11.304102,0.03995034098625183,7.283483864739537e-05,0.5818541646003723,0.15263593196868896,0.017339367419481277,0.017339367419481277,happy
489,2019-11-30 14:46:11.345208,0.03995034098625183,7.283483864739537e-05,0.5818541646003723,0.15263593196868896,0.017339367419481277,0.017339367419481277,happy
490,2019-11-30 14:46:11.383106,0.07119719684123993,0.0002266038063680753,0.30567604303359985,0.30083218216896057,0.019948892295360565,0.019948892295360565,happy
491,2019-11-30 14:46:12.376744,0.19194743037223816,0.3269336521625519,0.014412041753530502,0.1974305957555771,0.009596475400030613,0.009596475400030613,disgust
492,2019-11-30 14:46:12.418661,0.19194743037223816,0.3269336521625519,0.014412041753530502,0.1974305957555771,0.009596475400030613,0.009596475400030613,disgust
493,2019-11-30 14:46:12.698317,0.30858486890792847,0.08645234256982803,0.3654792010784149,0.07248776406049728,0.01813410595059395,0.01813410595059395,happy
494,2019-11-30 14:46:12.762429,0.31458580493927,0.042122602462768555,0.3606542646884918,0.09446671605110168,0.013132531195878983,0.013132531195878983,happy
495,2019-11-30 14:46:12.802296,0.31458580493927,0.042122602462768555,0.3606542646884918,0.09446671605110168,0.013132531195878983,0.013132531195878983,happy
496,2019-11-30 14:46:12.845411,0.27413928508758545,0.03564340993762016,0.4123886525630951,0.08737196773290634,0.013936738483607769,0.013936738483607769,happy
497,2019-11-30 14:46:12.904289,0.3532630205154419,0.0393841452896595,0.23431454598903656,0.1412135809659958,0.010951010510325432,0.010951010510325432,angry
498,2019-11-30 14:46:12.947531,0.3532630205154419,0.0393841452896595,0.23431454598903656,0.1412135809659958,0.010951010510325432,0.010951010510325432,angry
499,2019-11-30 14:46:13.562649,0.3775954246520996,0.01572323404252529,0.11804107576608658,0.22172920405864716,0.007526662200689316,0.007526662200689316,angry
500,2019-11-30 14:46:13.613510,0.3775954246520996,0.01572323404252529,0.11804107576608658,0.22172920405864716,0.007526662200689316,0.007526662200689316,angry
501,2019-11-30 14:46:14.177039,0.10121875256299973,0.00037882308242842555,0.23929858207702637,0.1649038940668106,0.05277952179312706,0.05277952179312706,happy
502,2019-11-30 14:46:15.041264,0.14734074473381042,0.004426948726177216,0.6626917123794556,0.10006541758775711,0.010897218249738216,0.010897218249738216,happy
503,2019-11-30 14:46:15.058247,0.2946724593639374,0.1033744290471077,0.1010989397764206,0.19342544674873352,0.018498005345463753,0.018498005345463753,angry
504,2019-11-30 14:46:15.104124,0.3056644797325134,0.06276699900627136,0.1127469390630722,0.1841324418783188,0.017363080754876137,0.017363080754876137,angry
505,2019-11-30 14:46:15.163937,0.11387286335229874,0.002557943807914853,0.7270428538322449,0.08544611185789108,0.008830975741147995,0.008830975741147995,happy
506,2019-11-30 14:46:15.216795,0.11387286335229874,0.002557943807914853,0.7270428538322449,0.08544611185789108,0.008830975741147995,0.008830975741147995,happy
507,2019-11-30 14:46:15.270723,0.10498668998479843,0.002332097152248025,0.7208104729652405,0.09886641800403595,0.008873817510902882,0.008873817510902882,happy
508,2019-11-30 14:46:15.321587,0.11381780356168747,0.002282032510265708,0.7281551361083984,0.08874986320734024,0.00771512184292078,0.00771512184292078,happy
509,2019-11-30 14:46:15.632162,0.314517617225647,0.07729747891426086,0.1730058789253235,0.1644720733165741,0.018279848620295525,0.018279848620295525,angry
510,2019-11-30 14:46:15.903193,0.31239941716194153,0.07785960286855698,0.11168678849935532,0.15664203464984894,0.020875295624136925,0.020875295624136925,angry
511,2019-11-30 14:46:16.032847,0.32934021949768066,0.07483826577663422,0.2049478441476822,0.15326520800590515,0.01456010714173317,0.01456010714173317,angry
512,2019-11-30 14:46:16.700329,0.3291793763637543,0.04557386413216591,0.13045528531074524,0.1430784910917282,0.01593417301774025,0.01593417301774025,angry
513,2019-11-30 14:46:16.743184,0.3291793763637543,0.04557386413216591,0.13045528531074524,0.1430784910917282,0.01593417301774025,0.01593417301774025,angry
514,2019-11-30 14:46:18.030632,0.04280035197734833,0.001128360745497048,0.5760974287986755,0.023108750581741333,0.023841243237257004,0.023841243237257004,happy
515,2019-11-30 14:46:18.091614,0.05175767093896866,0.0010773795656859875,0.5782095789909363,0.03061286173760891,0.027980266138911247,0.027980266138911247,happy
516,2019-11-30 14:46:18.135496,0.05175767093896866,0.0010773795656859875,0.5782095789909363,0.03061286173760891,0.027980266138911247,0.027980266138911247,happy
517,2019-11-30 14:46:18.175894,0.0696023479104042,0.0010370602831244469,0.6391587257385254,0.04126978665590286,0.038479823619127274,0.038479823619127274,happy
518,2019-11-30 14:46:18.220773,0.06341806054115295,0.0009628687985241413,0.6508734226226807,0.03833403065800667,0.03604373335838318,0.03604373335838318,happy
519,2019-11-30 14:46:18.263659,0.06341806054115295,0.0009628687985241413,0.6508734226226807,0.03833403065800667,0.03604373335838318,0.03604373335838318,happy
520,2019-11-30 14:46:18.306570,0.023352500051259995,0.000364498671842739,0.8387936353683472,0.013438013382256031,0.025512518361210823,0.025512518361210823,happy
521,2019-11-30 14:46:18.490735,0.003715470666065812,8.565595635445789e-06,0.981113076210022,0.005532253533601761,0.0018402299610897899,0.0018402299610897899,happy
522,2019-11-30 14:46:18.538635,0.003715470666065812,8.565595635445789e-06,0.981113076210022,0.005532253533601761,0.0018402299610897899,0.0018402299610897899,happy
523,2019-11-30 14:46:18.579641,0.0004309773212298751,1.0068959888087647e-08,0.99791020154953,0.0005890065222047269,0.00017098747775889933,0.00017098747775889933,happy
524,2019-11-30 14:46:18.620531,0.0016034278087317944,8.163905818037165e-08,0.980492889881134,0.001932020764797926,0.000922387873288244,0.000922387873288244,happy
525,2019-11-30 14:46:18.682366,0.00015749857993796468,1.4235154166541975e-09,0.9993268251419067,0.00016646989388391376,6.198667688295245e-05,6.198667688295245e-05,happy
526,2019-11-30 14:46:18.724280,0.00015749857993796468,1.4235154166541975e-09,0.9993268251419067,0.00016646989388391376,6.198667688295245e-05,6.198667688295245e-05,happy
527,2019-11-30 14:46:18.766142,0.00012172171409474686,6.820735087842422e-10,0.9993715882301331,0.0001716530096018687,5.6727883929852396e-05,5.6727883929852396e-05,happy
528,2019-11-30 14:46:18.826314,0.0002198674192186445,2.0227868269273586e-09,0.9987548589706421,0.0002814374165609479,0.00010110125731443986,0.00010110125731443986,happy
529,2019-11-30 14:46:18.891261,0.00036918491241522133,5.077247955398434e-09,0.9973703622817993,0.0005191370728425682,0.00020527903689071536,0.00020527903689071536,happy
530,2019-11-30 14:46:18.935144,0.00036918491241522133,5.077247955398434e-09,0.9973703622817993,0.0005191370728425682,0.00020527903689071536,0.00020527903689071536,happy
531,2019-11-30 14:46:18.976070,0.00020853945170529187,1.8359985753946262e-09,0.9987510442733765,0.00028976151952520013,0.00011358852498233318,0.00011358852498233318,happy
532,2019-11-30 14:46:19.019917,0.00013400480384007096,7.112940791920153e-10,0.9990116357803345,0.00014151394134387374,9.554879216011614e-05,9.554879216011614e-05,happy
533,2019-11-30 14:46:19.082398,0.0009260938386432827,2.0642584530605745e-08,0.9890207648277283,0.0011323244543746114,0.0005754227750003338,0.0005754227750003338,happy
534,2019-11-30 14:46:19.126280,0.0009260938386432827,2.0642584530605745e-08,0.9890207648277283,0.0011323244543746114,0.0005754227750003338,0.0005754227750003338,happy
535,2019-11-30 14:46:19.167171,0.0008617998100817204,4.3170214070187285e-08,0.9938880801200867,0.0006935886340215802,0.0005894077476114035,0.0005894077476114035,happy
536,2019-11-30 14:46:19.226014,0.0023056797217577696,1.6287572179862764e-07,0.9828165769577026,0.0042535969987511635,0.0009534013806842268,0.0009534013806842268,happy
537,2019-11-30 14:46:19.289996,0.056741535663604736,0.0012375207152217627,0.5954704880714417,0.21280090510845184,0.016682835295796394,0.016682835295796394,happy
538,2019-11-30 14:46:19.331885,0.056741535663604736,0.0012375207152217627,0.5954704880714417,0.21280090510845184,0.016682835295796394,0.016682835295796394,happy
539,2019-11-30 14:46:19.375768,0.03594345971941948,0.0006152338464744389,0.8029058575630188,0.051400698721408844,0.02020244114100933,0.02020244114100933,happy
540,2019-11-30 14:46:19.417628,0.0414627380669117,0.0003575371520128101,0.7359644174575806,0.12532196938991547,0.011461883783340454,0.011461883783340454,happy
541,2019-11-30 14:46:19.460513,0.0414627380669117,0.0003575371520128101,0.7359644174575806,0.12532196938991547,0.011461883783340454,0.011461883783340454,happy
542,2019-11-30 14:46:19.503399,0.060515083372592926,0.001142640132457018,0.6356440186500549,0.12974989414215088,0.02527425065636635,0.02527425065636635,happy
543,2019-11-30 14:46:19.757902,0.07849881798028946,0.0007191644981503487,0.49647772312164307,0.11627530306577682,0.053569018840789795,0.053569018840789795,happy
544,2019-11-30 14:46:20.014053,0.09290944039821625,0.0010216139489784837,0.34337320923805237,0.1460389792919159,0.06768863648176193,0.06768863648176193,happy
545,2019-11-30 14:46:20.090274,0.10685781389474869,0.0007581150275655091,0.26452475786209106,0.18873505294322968,0.048520296812057495,0.048520296812057495,happy
546,2019-11-30 14:46:20.132162,0.10685781389474869,0.0007581150275655091,0.26452475786209106,0.18873505294322968,0.048520296812057495,0.048520296812057495,happy
547,2019-11-30 14:46:22.941219,0.07038676738739014,0.0011076010996475816,0.5426651239395142,0.08347127586603165,0.052947673946619034,0.052947673946619034,happy
548,2019-11-30 14:46:25.675656,0.00229423469863832,9.798914106795564e-05,0.0006600531050935388,0.0033546597696840763,0.5226307511329651,0.5226307511329651,surprise
549,2019-11-30 14:46:25.720537,0.00229423469863832,9.798914106795564e-05,0.0006600531050935388,0.0033546597696840763,0.5226307511329651,0.5226307511329651,surprise
550,2019-11-30 14:46:25.803315,0.00438258470967412,0.00021507336350623518,0.0010841588955372572,0.004103316925466061,0.5015653371810913,0.5015653371810913,surprise
551,2019-11-30 14:46:25.847196,0.00438258470967412,0.00021507336350623518,0.0010841588955372572,0.004103316925466061,0.5015653371810913,0.5015653371810913,surprise
552,2019-11-30 14:46:25.892282,0.0016532025765627623,1.813759809010662e-05,0.0009307737927883863,0.0022267031017690897,0.6558703184127808,0.6558703184127808,surprise
553,2019-11-30 14:46:25.934151,0.00465757492929697,0.0001626520970603451,0.0014411605661734939,0.005378462374210358,0.5244836807250977,0.5244836807250977,surprise
554,2019-11-30 14:46:26.141047,0.0040637170895934105,0.00016990629956126213,0.0011468396987766027,0.005098404362797737,0.5158532857894897,0.5158532857894897,surprise
555,2019-11-30 14:46:26.183932,0.0040637170895934105,0.00016990629956126213,0.0011468396987766027,0.005098404362797737,0.5158532857894897,0.5158532857894897,surprise
556,2019-11-30 14:46:26.229810,0.0001856922172009945,2.9968973080940486e-07,0.0001659751869738102,0.00024277824559248984,0.8282263875007629,0.8282263875007629,surprise
557,2019-11-30 14:46:26.273740,3.482869942672551e-05,1.955202000303302e-09,8.266149961855263e-05,6.971558468649164e-05,0.9431943297386169,0.9431943297386169,surprise
558,2019-11-30 14:46:26.334615,0.00010949386341962963,5.147730242072157e-09,0.00017258228035643697,0.00010436295997351408,0.948701798915863,0.948701798915863,surprise
559,2019-11-30 14:46:26.377460,0.00010949386341962963,5.147730242072157e-09,0.00017258228035643697,0.00010436295997351408,0.948701798915863,0.948701798915863,surprise
560,2019-11-30 14:46:26.421343,0.0015123202465474606,1.9181601601303555e-05,0.0007139918161556125,0.0017862466629594564,0.6446996927261353,0.6446996927261353,surprise
561,2019-11-30 14:46:26.467250,4.3498308514244854e-05,3.4754135125325547e-09,8.476510993205011e-05,4.595577411237173e-05,0.9427319765090942,0.9427319765090942,surprise
562,2019-11-30 14:46:26.542281,5.743209840147756e-05,7.598175422174336e-09,0.00010399460734333843,6.256255437619984e-05,0.9317830801010132,0.9317830801010132,surprise
563,2019-11-30 14:46:26.588185,5.743209840147756e-05,7.598175422174336e-09,0.00010399460734333843,6.256255437619984e-05,0.9317830801010132,0.9317830801010132,surprise
564,2019-11-30 14:46:26.629224,3.788254252867773e-05,3.0404601059075276e-09,6.92053436068818e-05,3.974003629991785e-05,0.9437399506568909,0.9437399506568909,surprise
565,2019-11-30 14:46:26.677096,5.5753058404661715e-05,8.416380481435226e-09,8.909245661925524e-05,6.0887505242135376e-05,0.9277288913726807,0.9277288913726807,surprise
566,2019-11-30 14:46:26.730952,0.00017451898020226508,1.8428860926178459e-07,0.00017360500351060182,0.00021161553740967065,0.8605455160140991,0.8605455160140991,surprise
567,2019-11-30 14:46:26.771843,0.00017451898020226508,1.8428860926178459e-07,0.00017360500351060182,0.00021161553740967065,0.8605455160140991,0.8605455160140991,surprise
568,2019-11-30 14:46:26.816870,0.0009721357491798699,2.819267137965653e-06,0.0005282313795760274,0.0009552796836942434,0.7464298009872437,0.7464298009872437,surprise
569,2019-11-30 14:46:26.860876,0.0021419867407530546,1.6935930034378543e-05,0.0010240685660392046,0.0021854524966329336,0.6635417342185974,0.6635417342185974,surprise
570,2019-11-30 14:46:26.907260,0.0021419867407530546,1.6935930034378543e-05,0.0010240685660392046,0.0021854524966329336,0.6635417342185974,0.6635417342185974,surprise
571,2019-11-30 14:46:26.949149,0.0028436018619686365,3.122996349702589e-05,0.0012165942462161183,0.0028879304882138968,0.6291167140007019,0.6291167140007019,surprise
572,2019-11-30 14:46:27.004004,0.0006065460038371384,2.0858967673120787e-06,0.0003810411144513637,0.0006355526275001466,0.7760598659515381,0.7760598659515381,surprise
573,2019-11-30 14:46:27.051902,0.0006065460038371384,2.0858967673120787e-06,0.0003810411144513637,0.0006355526275001466,0.7760598659515381,0.7760598659515381,surprise
574,2019-11-30 14:46:27.094757,0.00018701027147471905,3.4728847708720423e-07,0.0001788667868822813,0.0002813334867823869,0.8267298340797424,0.8267298340797424,surprise
575,2019-11-30 14:46:27.139667,0.00024676378234289587,6.474953693214047e-07,0.00021519075380638242,0.00036201151669956744,0.8044145107269287,0.8044145107269287,surprise
576,2019-11-30 14:46:27.194492,0.00883807335048914,0.0004714283859357238,0.0019966133404523134,0.008304327726364136,0.4904060363769531,0.4904060363769531,surprise
577,2019-11-30 14:46:27.261313,0.0022192455362528563,2.0102435883018188e-05,0.0011069481261074543,0.0022814557887613773,0.6659905314445496,0.6659905314445496,surprise
578,2019-11-30 14:46:27.308186,0.0022192455362528563,2.0102435883018188e-05,0.0011069481261074543,0.0022814557887613773,0.6659905314445496,0.6659905314445496,surprise
579,2019-11-30 14:46:27.351072,0.0012353179045021534,5.231388058746234e-06,0.0008015676867216825,0.0013253696961328387,0.7432307600975037,0.7432307600975037,surprise
580,2019-11-30 14:46:27.404477,0.001428458490408957,6.103707619331544e-06,0.0006825646851211786,0.001346107805147767,0.7103370428085327,0.7103370428085327,surprise
581,2019-11-30 14:46:27.448361,0.001428458490408957,6.103707619331544e-06,0.0006825646851211786,0.001346107805147767,0.7103370428085327,0.7103370428085327,surprise
582,2019-11-30 14:46:27.494236,0.0011277395533397794,3.1988806767913047e-06,0.0007529082940891385,0.0012015410466119647,0.7669652700424194,0.7669652700424194,surprise
583,2019-11-30 14:46:27.535128,0.005273408722132444,7.572193862870336e-05,0.0021050679497420788,0.005712800193578005,0.5812617540359497,0.5812617540359497,surprise
584,2019-11-30 14:46:27.596108,0.0014867273857817054,7.087534868333023e-06,0.0008346420363523066,0.001454563345760107,0.7258307933807373,0.7258307933807373,surprise
585,2019-11-30 14:46:27.659939,0.00178322265855968,9.893138667393941e-06,0.0009345868602395058,0.0017720877658575773,0.7122694253921509,0.7122694253921509,surprise
586,2019-11-30 14:46:27.704326,0.00178322265855968,9.893138667393941e-06,0.0009345868602395058,0.0017720877658575773,0.7122694253921509,0.7122694253921509,surprise
587,2019-11-30 14:46:27.750363,0.0029078086372464895,2.8209273295942694e-05,0.0013126741396263242,0.0029593121726065874,0.646987795829773,0.646987795829773,surprise
588,2019-11-30 14:46:27.793248,0.004635470453649759,0.00011603715392993763,0.0024458833504468203,0.013171506114304066,0.5734075903892517,0.5734075903892517,surprise
589,2019-11-30 14:46:27.868641,0.0022594479378312826,5.600443182629533e-05,0.001014055567793548,0.003708635224029422,0.6020484566688538,0.6020484566688538,surprise
590,2019-11-30 14:46:27.913520,0.0022594479378312826,5.600443182629533e-05,0.001014055567793548,0.003708635224029422,0.6020484566688538,0.6020484566688538,surprise
591,2019-11-30 14:46:27.956405,0.002250511199235916,4.820469257538207e-05,0.0011339205084368587,0.0041474634781479836,0.6133676767349243,0.6133676767349243,surprise
592,2019-11-30 14:46:28.003281,0.0004174518398940563,2.3868788048275746e-06,0.00027819600654765964,0.0006151351844891906,0.7432263493537903,0.7432263493537903,surprise
593,2019-11-30 14:46:28.060129,0.4380757808685303,0.015249611809849739,0.32134392857551575,0.05434957519173622,0.008527505211532116,0.008527505211532116,angry
594,2019-11-30 14:46:28.077084,0.0024780770763754845,6.847535405540839e-05,0.0010365742491558194,0.004133299924433231,0.5892242193222046,0.5892242193222046,surprise
595,2019-11-30 14:46:28.124956,0.004501225892454386,0.00013826235954184085,0.0015557111473754048,0.00515605416148901,0.5480492115020752,0.5480492115020752,surprise
596,2019-11-30 14:46:28.187787,0.00397774251177907,0.00011586637265281752,0.0013757779961451888,0.004666953347623348,0.5540244579315186,0.5540244579315186,surprise
597,2019-11-30 14:46:28.233664,0.00397774251177907,0.00011586637265281752,0.0013757779961451888,0.004666953347623348,0.5540244579315186,0.5540244579315186,surprise
598,2019-11-30 14:46:28.276549,0.004556889645755291,0.00014691214892081916,0.0015829030890017748,0.005324582569301128,0.5481033325195312,0.5481033325195312,surprise
599,2019-11-30 14:46:28.332415,0.005091133993119001,0.00014614628162235022,0.0017414067406207323,0.005672776605933905,0.5473926067352295,0.5473926067352295,surprise
